产品编码,产品名称,领料物资ID,材料规格,领料物资名称,产品/项目,单台用量,毛坯重【KG】,产品重【KG】,铝块重【KG】,铝屑重【KG】,领料单位,默认客户
10062035-0-02,025AC前边梁,10062035-0-02-YL,741.8,025AC前边梁,025AC,1,1.239,0.98,0.0,0.259,质检部,联伟
10062035-0-03,025AC左边梁,10062035-0-03/11-YL-GY,1657.98,025AC左右边梁,025AC,1,6.03,5.146,0.464,0.42,质检部,联伟
10062035-0-04-A,025AC后边梁,10062035-0-04-YL,1341.49,025AC后边梁,025AC,1,3.915,3.775,0.0,0.14,质检部,联伟
10062035-0-05,025AC前横梁,10062035-0-05-YL,1293,025AC前横梁,025AC,1,2.252,2.18,0.0,0.072,质检部,联伟
10062035-0-06,025AC中横梁,10062035-0-06-YL,1293,025AC中横梁,025AC,1,3.304,3.2,0.0,0.104,质检部,联伟
10062035-0-07,025AC纵梁,10062035-0-07-YL,1515.4,025AC纵梁,025AC,1,2.626,2.516,0.0,0.11,质检部,联伟
10062035-0-11,025AC右边梁,10062035-0-03/11-YL-GY,1657.98,025AC左右边梁,025AC,1,6.028,5.165,0.464,0.399,质检部,联伟
10062035-0-45,025AC前吊耳,10062035-0-45-YL,44,025AC前吊耳,025AC,1,0.151,0.136,0.0,0.015,质检部,联伟
500109-00515（552）-01-07,37/53KWH膨胀梁,500109-00515-01-07-YL,1192.001,37KWH膨胀梁,37KWH,1,2.2,2.08,0.0,0.12,质检部,祥鑫
500109-00515-01-00,37KWH安装梁00,500109-00515-01-00-YL,115.47,37KWH安装梁00,37KWH,1,0.05,0.048,0.0,0.002,外协,祥鑫
500109-00515-01-01-01,37KWH后梁-01,500109-00515-01-01-01-YL,368.910,37KWH后梁-01,37KWH,1,0.689,0.673,0.0,0.016,外协,祥鑫
500109-00515-01-01-02,37KWH后梁-02,500109-00515-01-01-02-YL,500109-00515-01-01-02-YL,37KWH后梁-02,37KWH,1,0.378,0.357,0.0,0.021,外协,祥鑫
500109-00515-01-02,37KWH左右边梁1,500109-00515-01-02-YL-GY,1228.448,37KWH左右边梁,37KWH,1,9.25,6.45,2.0,0.8,机加部,祥鑫
500109-00515-01-03,37KWH左右边梁2,500109-00515-01-02-YL-GY,1228.448,37KWH左右边梁,37KWH,1,9.25,6.45,2.0,0.8,机加部,祥鑫
500109-00515-01-04,37KWH安装梁1,500109-00515-01-04-YL,500109-00515-01-04-YL,37KWH安装梁1,37KWH,1,0.073,0.066,0.0,0.007,外协,祥鑫
500109-00515-01-05,37KWH安装梁3,500109-00515-01-05-YL,500109-00515-01-05-YL,37KWH安装梁3,37KWH,1,0.13,0.129,0.0,0.001,外协,祥鑫
500109-00515-01-06,37KWH前梁,500109-00515-01-06-YL,1210.371,37KWH前梁,37KWH,1,3.832,3.15,0.0,0.682,机加部,祥鑫
500109-00515-01-07,37KWH膨胀梁,500109-00515-01-07-YL,1192.001,37KWH膨胀梁,37KWH,1,2.2,2.08,0.0,0.12,机加部,祥鑫
500109-00515-01-08,37KWH前斜边梁,500109-00515-01-08/09-YL-GY,70.12,37KWH-552前斜边梁/2,37KWH,1,0.135,0.111,0.0,0.024,外协,祥鑫
500109-00515-01-09,37KWH前斜边梁2,500109-00515-01-08/09-YL-GY,70.12,37KWH-552前斜边梁/2,37KWH,1,0.135,0.111,0.0,0.024,外协,祥鑫
500109-00515-01-10,37KWH中间纵梁,500109-00515-01-10-YL-GY,1011.42,37KWH中间纵梁,37KWH,1,1.582,1.536,0.0,0.046,机加部,祥鑫
500109-00515-01-12,37KWH安装梁2,500109-00515-01-12-YL,500109-00515-01-12-YL,37KWH安装梁2,37KWH,1,0.114,0.09,0.0,0.024,外协,祥鑫
500109-00515-01-18,37KWH安装梁6,500109-00515-01-18-YL,500109-00515-01-18-YL,37KWH安装梁6,37KWH,1,0.129,0.126,0.0,0.003,外协,祥鑫
500109-00515-01-21,37KWH安装梁8,500109-00515-01-21-YL,500109-00515-01-21-YL,37KWH安装梁8,37KWH,1,0.104,0.082,0.0,0.022,外协,祥鑫
500109-00515-08-04-01,37KWH前客户挂载支架本体,500109-00515-08-04-01-YL,500109-00515-08-04-01-YL,37KWH前客户挂载支架本体,37KWH,2,0.214,0.141,0.0,0.073,外协,祥鑫
500109-00515-08-04-02,37KWH后客户挂载支架本体,500109-00515-08-04-02-YL,500109-00515-08-04-02-YL,37KWH后客户挂载支架本体,37KWH,2,0.197,0.114,0.0,0.083,外协,祥鑫
500109-00515-08-14,37KWH客户支架04,500109-00515-08-14-YL,500109-00515-08-14-YL,37KWH客户支架04,37KWH,1,0.046,0.026,0.0,0.02,外协,祥鑫
500109-00515-08-15,37KWH客户支架05,500109-00515-08-15-YL,500109-00515-08-15-YL,37KWH客户支架05,37KWH,1,0.028,0.026,0.0,0.002,外协,祥鑫
500109-00552-01-02,53KWH左右边梁1,500109-00515-01-02-YL-GY,1228.448,37KWH左右边梁,53KWH,1,9.25,6.45,2.0,0.8,质检部,祥鑫
500109-00552-01-03,53KWH左右边梁2（552）,500109-00515-01-02-YL-GY,1228.448,37KWH左右边梁,53KWH,1,9.25,6.45,2.0,0.8,质检部,祥鑫
500109-00552-01-06,53KWH前梁（552）,500109-00515-01-06-YL,1210.371,37KWH前梁,53KWH,1,3.832,3.15,0.0,0.682,质检部,祥鑫
500109-00552-01-10,53KWH中间纵梁（552）,500109-00515-01-10-YL-GY,1011.42,37KWH中间纵梁,53KWH,2,1.582,1.536,0.0,0.046,外协,祥鑫
500104-00746/747-02-01,AB01-747/746-塞块01,500104-00746/747-02-01-YL-GY,90.3,AB01-747/746-塞块01,AB01,1,0.0,0.0,0.0,0.0,质检部,联伟
500104-00746/747-02-01-01,AB01-746/747-塞块01-01,500104-00746/747-02-01-YL-GY,90.9,AB01-747/746-塞块01,AB01,1,0.0,0.0,0.0,0.0,质检部,联伟
500104-00746-01-01-C,AB01-746-下箱体集成水冷板左,500104-00746-01-7-C/01-C-YL,2051,AB01-746-下箱体集成水冷板左/右,AB01,1,0.0,0.0,0.0,0.0,质检部,联伟
500104-00746-01-04-B,AB01-746-后膨胀梁,500104-00746-01-04-B-YL,633,AB01-746-后膨胀梁,AB01,1,0.0,0.0,0.0,0.0,质检部,联伟
500104-00746-01-04-L-B,AB01-746-后膨胀梁分总成,500104-00746-01-04-L-B-YL,633,AB01-746-后膨胀梁分总成,AB01,1,0.0,0.0,0.0,0.0,质检部,联伟
500104-00746-01-7,AB01-746-下箱体集成水冷板右,500104-00747-01-01-C/007-C-YL,1037.8,AB01-747-下箱体集成水冷板左/右,AB01,1,0.0,0.0,0.0,0.0,质检部,联伟
500104-00746-01-CX-L-B,左右水冷板侧铣分总成（746）,500104-00746-01-CX-L-B-YL,1751.14,左右水冷板侧铣分总成（746）,AB01,1,18.2,17.9,0.0,0.3,质检部,联伟
500104-00747-01-004-B,AB01-747-后膨胀梁,500104-00747-01-004-B-YL,633,AB01-747-后膨胀梁,AB01,1,0.0,0.0,0.0,0.0,质检部,联伟
500104-00747-01-007-C,AB01-747-下箱体集成水冷板右,500104-00747-01-007-C-YL,1037.8,AB01-747-下箱体集成水冷板右,AB01,1,0.0,0.0,0.0,0.0,质检部,联伟
500104-00747-01-01-C,AB01-747-下箱体集成水冷板左,500104-00747-01-01-C-YL,1037.8,AB01-747-下箱体集成水冷板左,AB01,1,0.0,0.0,0.0,0.0,质检部,联伟
500104-00747-01-04-L-B,AB01-747-后膨胀梁分总成,500104-00747-01-04-L-B-YL,633,AB01-747-后膨胀梁分总成,AB01,1,0.0,0.0,0.0,0.0,质检部,联伟
500104-00747-01-CX-L-B,左右水冷板侧铣分总成,500104-00747-01-CX-L-B-YL,1038,左右水冷板侧铣分总成,AB01,1,8.7,8.5,0.0,0.2,质检部,联伟
500110-00794-01-01,AWT50.9-前梁,500110-00794-01-01/02-YL-GY,1264.6,AWT-50.9KWH-前后梁,AWT-50.9KWH,1,2.58,2.345,0.0,0.235,质检部,祥鑫
500110-00794-01-02,AWT50.9-后梁,500110-00794-01-01/02-YL-GY,1264.6,AWT-50.9KWH-前后梁,AWT-50.9KWH,1,2.58,2.35,0.0,0.23,质检部,祥鑫
500110-00794-01-03,AWT50.9-左边梁,500110-00794-01-03-YL,1464,AWT-50.9KWH-左边梁,AWT-50.9KWH,1,6.67,5.63,0.565,0.475,质检部,祥鑫
500110-00794-01-04,AWT50.9-右边梁,500110-00794-01-04-YL,1464,AWT-50.9KWH-右边梁,AWT-50.9KWH,1,6.67,6.075,0.275,0.32,质检部,祥鑫
500110-00794-01-05,AWT50.9-前膨胀梁,500110-00794-01-05-YL,1211.3,AWT-50.9KWH-前膨胀梁,AWT-50.9KWH,1,2.952,2.9,0.0,0.052,质检部,祥鑫
500110-00794-01-06,AWT50.9-后膨胀梁,500110-00794-01-06-YL,1176,AWT-50.9KWH-后膨胀梁,AWT-50.9KWH,1,2.82,2.765,0.0,0.055,质检部,祥鑫
500110-00794-01-07,AWT50.9-加强支架,500110-00794-01-07-YL,56.5,AWT-50.9KWH-加强支架,AWT-50.9KWH,5,0.0,0.0,0.0,0.0,质检部,祥鑫
500110-00794-01-08,AWT50.9-BMS安装支架01,500110-00794-01-08-YL,161.5,AWT-50.9KWH-BMS安装支架01,AWT-50.9KWH,2,0.0,0.0,0.0,0.0,质检部,祥鑫
500110-00794-01-10,AWT50.9-BMS安装支架02,500110-00794-01-10-YL,161.5,AWT-50.9KWH-BMS安装支架02,AWT-50.9KWH,2,0.0,0.0,0.0,0.0,质检部,祥鑫
500110-00794-05-01-01,AWT50.9-钢带安装底座,500110-00794-05-01-01-YL,32.9,AWT-50.9KWH-钢带安装底座,AWT-50.9KWH,8,0.0,0.0,0.0,0.0,质检部,祥鑫
500110-00794-06-01,AWT50.9-挂载支架02,500110-00794-06-01-YL,107.3,AWT-50.9KWH-挂载支架02,AWT-50.9KWH,2,0.0,0.0,0.0,0.0,质检部,祥鑫
500110-00794-06-02,AWT50.9-挂载支架03,500110-00794-06-02-YL,434.9,AWT-50.9KWH-挂载支架03,AWT-50.9KWH,1,0.0,0.0,0.0,0.0,质检部,祥鑫
500110-00794-06-04,AWT50.9-挂载支架01,500110-00794-06-04-YL,66,AWT50.9-挂载支架01,AWT-50.9KWH,2,0.0,0.0,0.0,0.0,质检部,祥鑫
500110-00794-07-04,AWT50.9-封堵环,500110-00794-07-04-YL,62.4,AWT-50.9KWH-封堵环,AWT-50.9KWH,1,0.0,0.0,0.0,0.0,质检部,祥鑫
500110-00794-92-51-01,AWT50.9-外部支架01,500110-00794-92-51-01-YL,25,AWT-50.9KWH-外部支架01,AWT-50.9KWH,1,0.0,0.0,0.0,0.0,质检部,祥鑫
500110-00788-01-04,AWT87.3-前梁01(两驱),500110-00799-01-04-YL,1356.6,AWT87.3-前梁01,AWT-87.3(E16),1,6.195,5.535,0.0,0.66,质检部,祥鑫
500110-00788-01-06,AWT87.3-后梁01（两驱）,500110-00799-01-06-YL,1354.6,AWT87.3-后梁01,AWT-87.3(E16),1,2.755,2.07,0.43,0.255,质检部,祥鑫
500110-00788-01-07,AWT87.3-两侧梁02(两驱),500110-00799-01-05/07-YL-GY,2032,AWT87.3-两侧梁01/02,AWT-87.3(E16),1,9.66,7.97,1.04,0.65,质检部,祥鑫
500110-00788-01-08,AWT87.3-后膨胀梁（两驱）,500110-00799-01-08-YL,1306,AWT87.3-后膨胀梁,AWT-87.3(E16),1,3.735,3.2,0.0,0.535,质检部,祥鑫
500110-00799-01-01,AWT87.3-前膨胀梁,500110-00799-01-01-YL,1306,AWT87.3-前膨胀梁,AWT-87.3(E16),1,5.31,4.775,0.0,0.535,质检部,祥鑫
500110-00799-01-02,AWT87.3-横梁01,500110-00799-01-02/03-YL-GY,1302,AWT87.3-横梁01/02,AWT-87.3(E16),1,3.24,3.115,0.0,0.125,质检部,祥鑫
500110-00799-01-03,AWT87.3-横梁02,500110-00799-01-02/03-YL-GY,1302,AWT87.3-横梁01/02,AWT-87.3(E16),1,3.24,3.065,0.0,0.175,质检部,祥鑫
500110-00799-01-04,AWT87.3-前梁01(四驱),500110-00799-01-04-YL,1356.6,AWT87.3-前梁01,AWT-87.3(E16),1,6.195,4.885,0.0,1.31,质检部,祥鑫
500110-00799-01-05,AWT87.3-两侧梁01,500110-00799-01-05/07-YL-GY,2032,AWT87.3-两侧梁01/02,AWT-87.3(E16),1,9.66,7.975,1.04,0.645,质检部,祥鑫
500110-00799-01-06,AWT87.3-后梁01（四驱）,500110-00799-01-06-YL,1354.6,AWT87.3-后梁01,AWT-87.3(E16),1,2.755,2.055,0.43,0.27,质检部,祥鑫
500110-00799-01-07,AWT87.3-两侧梁02(四驱),500110-00799-01-05/07-YL-GY,2032,AWT87.3-两侧梁01/02,AWT-87.3(E16),1,9.66,7.945,1.04,0.675,质检部,祥鑫
500110-00799-01-08,AWT87.3-后膨胀梁（四驱）,500110-00799-01-08-YL,1306,AWT87.3-后膨胀梁,AWT-87.3(E16),1,3.735,3.205,0.0,0.53,质检部,祥鑫
500110-00799-01-12,AWT87.3-支撑梁01,500110-00799-01-12/13-YL-GY,93.16,AWT87.3-支撑梁01/02,AWT-87.3(E16),1,0.093,0.049,0.0,0.044,质检部,祥鑫
500110-00799-01-13,AWT87.3-支撑梁02,500110-00799-01-12/13-YL-GY,93.16,AWT87.3-支撑梁01/02,AWT-87.3(E16),1,0.093,0.057,0.0,0.036,质检部,祥鑫
500110-00799-01-17,AWT87.3-防撞支架01,500110-00799-01-17-YL,80,AWT87.3-防撞支架01,AWT-87.3(E16),1,0.27,0.227,0.0,0.043,质检部,祥鑫
500110-00799-01-18,AWT87.3-防撞支架02,500110-00799-01-18-YL,102,AWT87.3-防撞支架02,AWT-87.3(E16),1,0.288,0.241,0.0,0.047,质检部,祥鑫
500110-00799-02-03,AWT87.3-挂载支架01,500110-00799-02-03-YL,120.7,AWT87.3-挂载支架01,AWT-87.3(E16),1,1.5,0.541,0.0,0.959,质检部,祥鑫
500110-00799-02-04,AWT87.3-挂载支架02,500110-00799-02-04-YL,120.7,AWT87.3-挂载支架02,AWT-87.3(E16),1,1.226,0.499,0.0,0.727,质检部,祥鑫
500110-00799-02-05,AWT87.3-挂载支架03,500110-00799-02-05-YL,118.03,AWT87.3-挂载支架03,AWT-87.3(E16),1,1.5,0.541,0.0,0.959,质检部,祥鑫
500110-00799-02-06,AWT87.3-挂载支架04,500110-00799-02-06-YL,67.49,AWT87.3-挂载支架04,AWT-87.3(E16),1,0.103,0.087,0.0,0.016,质检部,祥鑫
500110-00799-04-02-01,AWT87.3-外部支架02,500110-00799-04-02-01-YL,26,AWT87.3-外部支架02,AWT-87.3(E16),1,0.01,0.009,0.0,0.001,质检部,祥鑫
500110-00799-04-04-01,AWT87.3-SBOX固定支架,500110-00799-04-04-01-YL,36,AWT87.3-SBOX固定支架,AWT-87.3(E16),1,0.033,0.029,0.0,0.004,质检部,祥鑫
500110-00799-04-10-01,AWT87.3-外部支架07,500110-00799-04-10-01-YL,29,AWT87.3-外部支架7,AWT-87.3(E16),1,0.0,0.0,0.0,0.0,质检部,祥鑫
500110-00799-04-11-01,AWT87.3-外部支架08,500110-00799-04-11-01-YL,33.7,AWT87.3-外部支架08,AWT-87.3(E16),1,0.026,0.022,0.0,0.004,质检部,祥鑫
500110-00799-04-12-01,AWT87.3-外部支架09,500110-00799-04-12-01-YL,31.48,AWT87.3-外部支架09,AWT-87.3(E16),1,0.039,0.035,0.0,0.004,质检部,祥鑫
500110-00799-04-20-01,AWT87.3-客户支架,500110-00799-04-20-01-YL,24.8,AWT87.3-客户支架,AWT-87.3(E16),1,0.032,0.028,0.0,0.004,质检部,祥鑫
500110-00799-04-21-01,AWT87.3-客户安装支架01,500110-00799-04-21-01-YL,60,AWT87.3-客户安装支架01,AWT-87.3(E16),1,0.12,0.087,0.0,0.033,质检部,祥鑫
500110-00799-08-01-03,AWT87.3-封堵环,500110-00799-08-01-03-YL,32.5,AWT87.3-封堵环,AWT-87.3(E16),1,0.017,0.013,0.0,0.004,质检部,祥鑫
BP45A-XC-01,BP45A前边梁,BP45A-XC-01-YL,369.5,BP45A前边梁,BP45,1,1.942,0.603,0.0,1.339,质检部,祥鑫
BP45A-XC-02,BP45A后边梁,BP45A-XC-02-YL,369.5,BP45A后边梁,BP45,1,1.639,0.678,0.0,0.961,质检部,祥鑫
BP45A-XC-03,BP45A前部角梁,BP45A-XC-03/04-YL-GY,48.5,BP45A前后部角梁,BP45,1,0.115,0.058,0.0,0.057,质检部,祥鑫
BP45A-XC-04,BP45A后部角梁,BP45A-XC-03/04-YL-GY,48.5,BP45A前后部角梁,BP45,1,0.115,0.058,0.0,0.057,质检部,祥鑫
BP45A-XC-05,BP45A前左边梁,BP45A-XC-05-YL,211,BP45A前左边梁,BP45,1,0.784,0.673,0.0,0.111,质检部,祥鑫
BP45A-XC-06,BP45A左边梁,BP45A-XC-06-YL,807,BP45A左边梁,BP45,1,1.944,1.87,0.0,0.074,质检部,祥鑫
BP45A-XC-07,BP45A右边梁,BP45A-XC-07-YL,858,BP45A右边梁,BP45,1,2.106,2.034,0.0,0.072,质检部,祥鑫
BP45A-XC-08,BP45A纵梁,BP45A-XC-08-YL,761,BP45A纵梁,BP45,1,1.448,1.38,0.0,0.068,质检部,祥鑫
BP45A-XC-09,BP45A后左边梁,BP45A-XC-09-YL,211,BP45A后左边梁,BP45,1,0.784,0.673,0.0,0.111,质检部,祥鑫
BP45A-XC-10,BP45A前横梁,BP45A-XC-10-YL,511,BP45A前横梁,BP45,1,0.815,0.64,0.0,0.175,质检部,祥鑫
BP45A-XC-11,BP45（76）A后横梁,BP45A-XC-11-YL,323,BP45（76）A后横梁,BP45,1,0.412,0.407,0.0,0.005,质检部,祥鑫
BP45A-XC-12,BP45（76）A吊耳01,BP45A-XC-12-YL,82,BP45（76）A吊耳01,BP45,1,0.501,0.46,0.0,0.041,质检部,祥鑫
BP45A-XC-13,BP45（76）A吊耳02,BP45A-XC-13-YL,95,BP45（76）A吊耳02,BP45,1,0.575,0.496,0.0,0.079,质检部,祥鑫
BP45A-XC-14,BP45（76）A吊耳03,BP45A-XC-14-YL,50,BP45（76）A吊耳03,BP45,1,0.319,0.277,0.0,0.042,质检部,祥鑫
BP45A-XC-15,BP45（76）A支架,BP45A-XC-15-YL,24,BP45（76）A支架,BP45,1,0.015,0.012,0.0,0.003,质检部,祥鑫
BP45B-XC-01,BP45B前边梁,BP45B-XC-01-YL,724.5,BP45B前边梁,BP45,1,3.178,0.87,1.314,0.994,质检部,祥鑫
BP45B-XC-02,BP45B后边梁,BP45B-XC-02-YL,723,BP45B后边梁,BP45,1,4.022,2.488,0.298,1.236,质检部,祥鑫
BP45B-XC-03,BP45（76）B左边梁,BP45B-XC-03-YL,921,BP45（76）B左边梁,BP45,1,4.114,3.914,0.0,0.2,质检部,祥鑫
BP45B-XC-04,BP45B右边梁,BP45B-XC-04-YL,921,BP45B右边梁,BP45,1,3.896,2.2,0.808,0.888,质检部,祥鑫
BP45B-XC-05,BP45（76）B前横梁,BP45B-XC-05-YL,666.3,BP45（76）B前横梁,BP45,1,1.302,1.276,0.0,0.026,质检部,祥鑫
BP45B-XC-06,BP45B中纵梁,BP45B-XC-06-YL,788,BP45B中纵梁,BP45,1,1.482,1.446,0.0,0.036,质检部,祥鑫
BP45B-XC-07,BP45（76）B小梁1,BP45B-XC-07/08/09/-YL-GY,76,BP45（76）B小梁1/2/3,BP45,1,0.057,0.053,0.0,0.004,质检部,祥鑫
BP45B-XC-08,BP45（76）B小梁2,BP45B-XC-07/08/09/-YL-GY,76,BP45（76）B小梁1/2/3,BP45,1,0.057,0.053,0.0,0.004,质检部,祥鑫
BP45B-XC-09,BP45（76）B小梁3,BP45B-XC-07/08/09/-YL-GY,76,BP45（76）B小梁1/2/3,BP45,1,0.057,0.053,0.0,0.004,质检部,祥鑫
BP62-XC-01,BP62左边框,BP62-XC-01-YL-GY,1060.75,BP62左/右边框,BP62,1,6.426,5.19,0.46,0.776,质检部,祥鑫
BP62-XC-02,BP62右边框,BP62-XC-01-YL-GY,1060.75,BP62左/右边框,BP62,1,6.426,5.161,0.46,0.805,质检部,祥鑫
BP62-XC-03,BP62前横梁,BP62-XC-03-YL,819.12,BP62前横梁,BP62,1,0.886,0.874,0.0,0.012,质检部,祥鑫
BP62-XC-04,BP62后横梁,BP62-XC-04-YL,910.35,BP62后横梁,BP62,1,0.988,0.972,0.0,0.016,质检部,祥鑫
BP62-XC-05-A,BP62横梁-A,BP62-XC-05-A-YL,865.57,BP62横梁-A,BP62,1,1.588,1.57,0.0,0.018,质检部,祥鑫
BP62-XC-06-A,BP62中梁-A,BP62-XC-06-A-YL,830,BP62中梁-A,BP62,1,1.518,1.464,0.0,0.054,质检部,祥鑫
BP62-XC-07,BP62前边框,BP62-XC-07-YL,857.35,BP62前边框,BP62,1,2.49,1.722,0.582,0.186,质检部,祥鑫
BP62-XC-07-自制,BP62前边框-自制,BP62-XC-07-YL,857.35,BP62前边框,BP62,1,2.49,1.722,0.582,0.186,质检部,祥鑫
BP62-XC-08,BP62后边框,BP62-XC-08-YL,968.39,BP62后边框,BP62,1,2.822,1.912,0.204,0.706,质检部,祥鑫
BP62-XC-09,BP62前梁,BP62-XC-09-YL,811.21,BP62前梁,BP62,1,1.934,1.172,0.332,0.43,质检部,祥鑫
BP62-XC-10,BP62后梁,BP62-XC-10-YL,894,BP62后梁,BP62,1,2.252,1.242,0.53,0.48,质检部,祥鑫
BP62-XC-11,BP62支架1,BP62-XC-11-YL,BP62-XC-11-YL,BP62支架1,BP62,1,0.012,0.012,0.0,0.0,外协,祥鑫
BP62-XC-12,BP62加强块1,BP62-XC-12-YL,41.1,BP62加强块1,BP62,1,0.108,0.107,0.0,0.001,外协,祥鑫
BP62-XC-13,BP62加强块2,BP62-XC-13-YL,BP62-XC-13-YL,BP62加强块2,BP62,1,0.108,0.107,0.0,0.001,外协,祥鑫
BP62-XC-14,BP62加强块3,BP62-XC-14-YL,BP62-XC-14-YL,BP62加强块3,BP62,1,0.111,0.11,0.0,0.001,外协,祥鑫
BP62-XC-15,BP62加强块4,BP62-XC-15-YL,BP62-XC-15-YL,BP62加强块4,BP62,1,0.111,0.11,0.0,0.001,外协,祥鑫
BP62-XC-16,BP62支架块1,BP62-XC-16-YL,BP62-XC-16-YL,BP62支架块1,BP62,4,0.145,0.145,0.0,0.0,外协,祥鑫
BP62-XC-17,BP62小纵梁01,BP62-XC-17-YL,BP62-XC-17-YL,BP62小纵梁01,BP62,2,0.072,0.07,0.0,0.002,外协,祥鑫
BP62-XC-18,BP62小纵梁02,BP62-XC-18-YL,BP62-XC-18-YL,BP62小纵梁02,BP62,2,0.077,0.075,0.0,0.002,外协,祥鑫
BP62-XC-19,BP62-支架02,BP62-XC-19-YL,BP62-XC-19-YL,BP62-支架02,BP62,1,0.0,0.0,0.0,0.0,外协,祥鑫
BP76A-XC-01,BP76A-前边梁,BP76A-XC-01-YL,369.5,BP76A-前边梁,BP76,1,1.846,0.567,0.0,1.279,质检部,祥鑫
BP76A-XC-02,BP76A-后边梁,BP76A-XC-02-YL,369.5,BP76A-后边梁,BP76,1,1.538,0.642,0.0,0.896,质检部,祥鑫
BP76A-XC-03,BP76A-前部角梁,BP76A-XC-03/04-YL,48.5,BP76A-前后部角梁,BP76,1,0.115,0.058,0.0,0.057,质检部,祥鑫
BP76A-XC-04,BP76A-后部角梁,BP76A-XC-03/04-YL,48.5,BP76A-前后部角梁,BP76,1,0.115,0.058,0.0,0.057,质检部,祥鑫
BP76A-XC-05,BP76A-前左边梁,BP76A-XC-05-YL,211,BP76A-前左边梁,BP76,1,0.784,0.673,0.0,0.111,质检部,祥鑫
BP76A-XC-06,BP76A-左边梁,BP76A-XC-06-YL,807,BP76A-左边梁,BP76,1,0.433,0.374,0.0,0.059,质检部,祥鑫
BP76A-XC-07,BP76A-右边梁,BP76A-XC-07-YL,858,BP76A-右边梁,BP76,1,0.728,0.61,0.0,0.118,质检部,祥鑫
BP76A-XC-08,BP76A-纵梁,BP76A-XC-08-YL,760.5,BP76A-纵梁,BP76,1,1.448,1.38,0.0,0.068,质检部,祥鑫
BP76A-XC-09,BP76A-后左边梁,BP76A-XC-09-YL,211,BP76A-后左边梁,BP76,1,0.784,0.673,0.0,0.111,质检部,祥鑫
BP76A-XC-10,BP76A-前横梁,BP76A-XC-10-YL,511,BP76A-前横梁,BP76,1,0.81,0.615,0.0,0.195,质检部,祥鑫
BP76B-XC-01,BP76B-前边梁,BP76B-XC-01-YL,724.5,BP76B-前边梁,BP76,1,2.838,0.752,1.146,0.94,质检部,祥鑫
BP76B-XC-02,BP76B-后边梁,BP76B-XC-02-YL,723,BP76B-后边梁,BP76,1,3.658,2.298,0.128,1.232,质检部,祥鑫
BP76B-XC-04,BP76B-右边梁,BP76B-XC-04-YL,921,BP76B-右边梁,BP76,1,3.422,1.892,0.84,0.69,质检部,祥鑫
BP76B-XC-06,BP76B-中纵梁,BP76B-XC-06-YL,788,BP76B-中纵梁,BP76,1,1.482,1.446,0.0,0.036,质检部,祥鑫
BP80-XC-01,BP80-前边框,BP80-XC-01-YL,858.448,BP80-前边框,BP80,1,2.605,1.865,0.23,0.51,质检部,祥鑫
BP80-XC-02,BP80-后边框,BP80-XC-02-YL,959.072,BP80-后边框,BP80,1,2.89,2.04,0.275,0.575,质检部,祥鑫
BP80-XC-03,BP80-左边框,BP80-XC-03/04-YL-GY,961.3,BP80-左右边框,BP80,1,5.755,4.6,0.55,0.605,质检部,祥鑫
BP80-XC-04,BP80-右边框,BP80-XC-03/04-YL-GY,961.3,BP80-左右边框,BP80,1,5.755,4.615,0.56,0.58,质检部,祥鑫
BP80-XC-05,BP80-前横梁,BP80-XC-05-YL,819.3,BP80-前横梁,BP80,1,0.776,0.769,0.0,0.007,质检部,祥鑫
BP80-XC-06,BP80-后横梁,BP80-XC-06-YL,900.35,BP80-后横梁,BP80,1,0.852,0.846,0.0,0.006,质检部,祥鑫
BP80-XC-07,BP80-中梁1,BP80-XC-07-YL,860.75,BP80-中梁1,BP80,1,1.72,1.705,0.0,0.015,质检部,祥鑫
BP80-XC-08,BP80-支架1,BP80-XC-08-YL,20,BP80-支架1,BP80,1,0.0042,0.0041,0.0,0.0001,质检部,祥鑫
BP80-XC-09,BP80-加强块1,BP80-XC-09-YL,51.4,BP80-加强块1,BP80,1,0.046,0.045,0.0,0.001,质检部,祥鑫
BP80-XC-10,BP80-加强块2,BP80-XC-10-YL,51.4,BP80-加强块2,BP80,1,0.046,0.045,0.0,0.001,质检部,祥鑫
BP80-XC-11,BP80-支架块1,BP80-XC-11-YL,24,BP80-支架块1,BP80,1,0.049,0.049,0.0,0.0,质检部,祥鑫
BP80-XC-12,BP80-小纵梁01,BP80-XC-12-YL,48.55,BP80-小纵梁01,BP80,1,0.023,0.022,0.0,0.001,质检部,祥鑫
BP80-XC-13,BP80-小纵梁02,BP80-XC-13-YL,52.45,BP80-小纵梁02,BP80,1,0.021,0.02,0.0,0.001,质检部,祥鑫
BP80-XC-14,BP80-支架02,BP80-XC-14-YL,14.5,BP80-支架02,BP80,1,0.032,0.028,0.0,0.004,质检部,祥鑫
BP80-XC-15,BP80-前梁,BP80-XC-15-YL,811.5,BP80-前梁,BP80,1,1.9,1.143,0.58,0.177,质检部,祥鑫
BP80-XC-16,BP80-后梁,BP80-XC-16-YL,884,BP80-后梁,BP80,1,2.15,1.3,0.4,0.45,质检部,祥鑫
BP80-XC-17,BP80-中梁2,BP80-XC-17-YL,830,BP80-中梁2,BP80,1,1.66,1.605,0.0,0.055,质检部,祥鑫
BV85-B-PTCH-001,BV85-电池管理系统支架,BV85-B-PTCH-001-YL,BV85-B-PTCH-001-YL,BV85-电池管理系统支架,BV85,2,0.164,0.072,0.0,0.092,外协,祥鑫
BV85-B-XC-001,BV85前边梁,BV85-B-XC-001-YL,887.404,BV85前边梁,BV85,1,0.97,0.95,0.0,0.2,质检部,祥鑫
BV85-B-XC-002,BV85-前左斜梁,BV85-B-XC-002-YL,134.867,BV85-前左斜梁,BV85,1,0.502,0.434,0.0,0.068,质检部,祥鑫
BV85-B-XC-003,BV85-前右斜梁,BV85-B-XC-003-YL,134.867,BV85-前右斜梁,BV85,1,0.502,0.434,0.0,0.068,质检部,祥鑫
BV85-B-XC-004,BV85左边梁,BV85-B-XC-004-YL,1704.43,BV85左边梁,BV85,1,8.405,6.395,1.11,0.91,质检部,祥鑫
BV85-B-XC-005,BV85右边梁,BV85-B-XC-005-YL,1704.43,BV85右边梁,BV85,1,8.635,6.535,1.14,0.96,质检部,祥鑫
BV85-B-XC-006,BV85后边梁,BV85-B-XC-006-YL,1138.7,BV85后边梁,BV85,1,3.335,2.495,0.485,0.355,质检部,祥鑫
BV85-B-XC-007,BV85前横梁,BV85-B-XC-007-YL,1090,BV85前横梁,BV85,1,2.515,1.85,0.495,0.17,质检部,祥鑫
BV85-B-XC-008,BV85中横梁,BV85-B-XC-008-YL,1090,BV85中横梁,BV85,1,2.51,2.32,0.09,0.1,质检部,祥鑫
BV85-B-XC-009,BV85后横梁,BV85-B-XC-009-YL,1080,BV85后横梁,BV85,1,2.0,1.86,0.095,0.045,质检部,祥鑫
BV85-B-XC-010,BV85-纵梁1,BV85-B-XC-010-YL,344.3,BV85-纵梁1,BV85,4,0.041,0.036,0.0,0.005,外协,祥鑫
BV85-B-XC-011,BV85-纵梁2,BV85-B-XC-011-YL,344.3,BV85-纵梁2,BV85,4,0.041,0.037,0.0,0.004,外协,祥鑫
BV85-B-XC-012,BV85-电气插件线束固定梁,BV85-B-XC-012-YL,39,BV85-电气插件线束固定梁,BV85,1,0.008,0.006,0.0,0.002,外协,祥鑫
BV85-B-XC-013,BV85-支撑小梁,BV85-B-XC-013-YL,75.199,BV85-支撑小梁,BV85,1,0.012,0.011,0.0,0.001,外协,祥鑫
BV85-B-XC-014,BV85-BMS支撑梁01,BV85-B-XC-014-YL,218.505,BV85-BMS支撑梁01,BV85,3,0.433,0.341,0.0,0.092,外协,祥鑫
BV85-B-XC-014-1,BV85-BMS支撑梁01-01,BV85-B-XC-014-1-YL,230.271,BV85-BMS支撑梁01-01,BV85,3,0.086,0.083,0.0,0.003,外协,祥鑫
BV85-B-XC-015,BV85-BMS支撑梁02,BV85-B-XC-015-YL,218.565,BV85-BMS支撑梁02,BV85,3,0.086,0.083,0.0,0.003,外协,祥鑫
BV85-B-XC-015-2,BV85-BMS支撑梁02-02,BV85-B-XC-015-2-YL,230.271,BV85-BMS支撑梁02-02,BV85,3,0.02,0.014,0.0,0.006,外协,祥鑫
BV85-B-XC-017,BV85冷板加强板02,BV85-B-XC-017-YL,1000,BV85冷板加强板02,BV85,1,0.345,0.34,0.0,0.005,质检部,祥鑫
BV85-B-XC-018,BV85冷板加强板03,BV85-B-XC-018-YL,1040,BV85冷板加强板03,BV85,1,0.79,0.73,0.0,0.06,质检部,祥鑫
BV85-B-XC-019,BV85-水管支撑小梁1,BV85-B-XC-019-YL,135.962,BV85-水管支撑小梁1,BV85,2,0.086,0.084,0.0,0.002,外协,祥鑫
BV85-B-XC-019-A,BV85-水管支撑小梁1-A,BV85-B-XC-019-A-YL,135.899,BV85-水管支撑小梁1-A,BV85,2,0.385,0.318,0.0,0.067,外协,祥鑫
BV85-B-XC-020,BV85-水管支撑小梁2,BV85-B-XC-020-YL,135.899,BV85-水管支撑小梁2,BV85,2,0.086,0.083,0.0,0.003,外协,祥鑫
BV85-B-XC-021,BV85-电气支架实心梁,BV85-B-XC-021-YL,135.899,BV85-电气支架实心梁,BV85,2,0.146,0.135,0.0,0.011,外协,祥鑫
BV85-B-XC-024,BV85-小块支架,BV85-B-XC-024-YL,36.931,BV85-小块支架,BV85,1,0.414,0.348,0.0,0.066,外协,祥鑫
BV85-B-XC-025,BV85-托举块,BV85-B-XC-025-YL,74.7,BV85-托举块,BV85,2,0.078,0.074,0.0,0.004,外协,祥鑫
03.09.01.0019,JL5500YS导链器支架19,VL1-1703A4-001-09-YL,28.6,VL1套筒,BX4,1,0.0,0.0,0.0,0.0,质检部,联伟
500109-00427-01-01-01,BX4（F1L）左侧梁(通用）,500109-00634-01-01-01/02-YL-GY,1899.4,F1L-两侧梁,BX4,1,9.538,8.03,0.71,0.798,质检部,联伟
500109-00427-01-01-02-D,BX4四驱（F1L）右侧梁,500109-00634-01-01-01/02-YL-GY,1899.4,F1L-两侧梁,BX4,1,9.538,8.03,0.71,0.798,质检部,联伟
500109-00427-01-07-01,BX4挂载支架-左,500109-00427-01-07-01-YL,500109-00427-01-07-01-YL,BX4挂载支架-左,BX4,1,1.3,0.657,0.0,0.643,外协,联伟
500109-00427-01-07-02,BX4挂载支架-右,500109-00427-01-07-02-YL,500109-00427-01-07-02-YL,BX4挂载支架-右,BX4,1,1.3,0.657,0.0,0.643,外协,联伟
500109-00428-01-01-02-D,BX4两驱-右侧梁,500109-00634-01-01-01/02-YL-GY,1899.4,F1L-两侧梁,BX4,1,9.538,8.03,0.71,0.798,质检部,联伟
500109-00428-01-13-01-C,BX4纵梁左(两驱),500109-00634-01-13-01/02-YL-GY,1680.5,F1L-纵梁,BX4,1,2.72,2.33,0.0,0.39,质检部,联伟
500109-00428-01-13-02-C,BX4纵梁右(两驱),500109-00634-01-13-01/02-YL-GY,1680.5,F1L-纵梁,BX4,1,2.72,2.33,0.0,0.39,质检部,联伟
500109-00634-01-13-01,BX4四驱（F1L）纵梁左,500109-00634-01-13-01/02-YL-GY,1680.5,F1L-纵梁,BX4,1,2.72,2.299,0.0,0.421,质检部,联伟
500109-00634-01-13-02,BX4四驱（F1L）纵梁右,500109-00634-01-13-01/02-YL-GY,1680.5,F1L-纵梁,BX4,1,2.72,2.299,0.0,0.421,质检部,联伟
500109-00249-01-01,C01左边框,500109-00249-01-01-YL-GY,1372.23*189.83*100.5,C01左右边框,C01,1,7.2,4.7,0.098,2.402,机加部,联伟
500109-00249-01-02,C01右边框,500109-00249-01-01-YL-GY,1372.23*189.83*100.5,C01左右边框,C01,1,7.2,5.2,0.098,1.902,机加部,联伟
500109-00249-01-03,C01左前梁,500109-00249-01-03-YL,500109-00249-01-03-YL,C01左前梁,C01,1,0.401,0.328,0.0,0.073,外协,联伟
500109-00249-01-03-01,C01右前梁,500109-00249-01-03-01-YL,500109-00249-01-03-01-YL,C01右前梁,C01,1,0.37,0.323,0.0,0.047,外协,联伟
500109-00249-01-04,C01前梁,500109-00249-01-04-YL,674.34*132*89.5,C01前梁,C01,1,2.238,1.689,0.0,0.549,机加部,联伟
500109-00249-01-34,C01挂载,500109-00249-01-34-YL,500109-00249-01-34-YL,C01挂载,C01,1,0.104,0.088,0.0,0.016,外协,联伟
500109-00426-28,C385横梁2,500109-00426-28-YL,983*96.7*61,C385横梁2,C385,1,2.65,2.63,0.0,0.02,机加部,联伟
500109-00426-80,C385下箱体纵梁,500109-00426-80-YL,989*90.9*22,C385下箱体纵梁,C385,2,1.55,1.5,0.0,0.05,机加部,联伟
2101771-DF19-1002_01-A,C385MCA右边框,2101771-DF19-1002_01-A-YL-GY,1645,C385MCA左右边框,C385MCA,1,5.86,4.604,0.86,0.396,机加部,锦佳盛
2101771-DF19-1002_02-A,C385MCA左边框,2101771-DF19-1002_01-A-YL-GY,1645,C385MCA左右边框,C385MCA,1,5.86,4.604,0.86,0.396,机加部,锦佳盛
2101771-DF19-1003-D,C385MCA后边框梁,2101771-DF19-1003-B-YL-GY,1320,C385MCA前后边框梁,C385MCA,1,2.1,2.044,0.0,0.056,质检部,锦佳盛
2101771-DF19-1004-B,C385MCA前边框梁,2101771-DF19-1003-B-YL-GY,1320,C385MCA前后边框梁,C385MCA,1,2.1,2.044,0.0,0.056,机加部,锦佳盛
2101771-DF19-1005-B,C385MCA中间纵梁,2101771-DF19-1005-A-YL,1426.4,C385MCA中间纵梁,C385MCA,1,0.0,0.0,0.0,0.0,质检部,锦佳盛
2101771-DF19-1006-E,C385MCA横梁1,2101771-DF19-1006-E-YL,1269,C385MCA横梁1,C385MCA,1,0.0,0.0,0.0,0.0,质检部,锦佳盛
2101771-DF19-1007-A,C385MCA横梁2,2101771-DF19-1007-A-YL-GY,1269,C385MCA横梁2/3,C385MCA,1,2.05,2.006,0.0,0.044,机加部,锦佳盛
2101771-DF19-1008-D,C385MCA横梁3,2101771-DF19-1007-A-YL-GY,1269,C385MCA横梁2/3,C385MCA,1,0.0,0.0,0.0,0.0,质检部,锦佳盛
2101771-DF19-1016,C385MCA底护板支架-短,2101771-DF19-1016-YL,37,C385MCA底护板支架-短,C385MCA,8,0.013,0.013,0.0,0.0,外协,锦佳盛
2101771-DF19-1017,C385MCA底护板支架-长,2101771-DF19-1017-YL,57,C385MCA底护板支架-长,C385MCA,2,0.02,0.02,0.0,0.0,外协,锦佳盛
2101771-DF19-1024,C385MCA防爆阀过孔封板,2101771-DF19-1024-YL,25,C385MCA防爆阀过孔封板,C385MCA,1,0.01,0.009,0.0,0.001,外协,锦佳盛
2101771-DF19-1025-A,C385MCA插接件安装过孔封板,2101771-DF19-1025-A-YL,33,C385MCA插接件安装过孔封板,C385MCA,1,0.092,0.076,0.0,0.016,外协,锦佳盛
2101771-DF19-1026-A,C385MCA线速插接头安装过孔封板,2101771-DF19-1026-A-YL,25,C385MCA线速插接头安装过孔封板,C385MCA,1,0.032,0.031,0.0,0.001,外协,锦佳盛
2101771-DF19-1029,C385MCA下箱体中间纵梁2,2101771-DF19-1029-YL,81.6,C385MCA下箱体中间纵梁2,C385MCA,2,0.127,0.121,0.0,0.006,外协,锦佳盛
2101771-DF19-1030,C385MCA下箱体前边框梁架,2101771-DF19-1030-YL,2101771-DF19-1030-YL,C385MCA下箱体前边框梁架,C385MCA,2,0.113,0.101,0.0,0.012,外协,锦佳盛
2101771-DF19-1031,C385MCA后边框梁(小件),2101771-DF19-1031-YL,2101771-DF19-1031-YL,C385MCA后边框梁,C385MCA,2,0.217,0.205,0.0,0.012,外协,锦佳盛
2101771-DF19-1061,C385MCABMS安装纵梁1,2101771-DF19-1061-YL,2101771-DF19-1061-YL,C385MCABMS安装纵梁1,C385MCA,1,0.08,0.079,0.0,0.001,外协,锦佳盛
2101771-DF19-1063,C385MCABMS安装纵梁2,2101771-DF19-1063-YL,2101771-DF19-1063-YL,C385MCABMS安装纵梁2,C385MCA,1,0.08,0.079,0.0,0.001,外协,锦佳盛
2101771-DF19-1064,C385MCABMS安装纵梁3,2101771-DF19-1064-YL,2101771-DF19-1064-YL,C385MCABMS安装纵梁3,C385MCA,1,0.08,0.079,0.0,0.001,外协,锦佳盛
2101771-DF19-1065,C385MCA高压盒安装纵梁1,2101771-DF19-1065-YL,2101771-DF19-1065-YL,C385MCA高压盒安装纵梁1,C385MCA,1,0.08,0.079,0.0,0.001,外协,锦佳盛
2101771-DF19-1066,C385MCA高压盒安装纵梁2,2101771-DF19-1066-YL,2101771-DF19-1066-YL,C385MCA高压盒安装纵梁2,C385MCA,1,0.08,0.076,0.0,0.004,外协,锦佳盛
2101771-DF19-1071,C385MCA水管接头安装坐,2101771-DF19-1071-YL,2101771-DF19-1071-YL,C385MCA水管接头安装坐,C385MCA,1,0.188,0.139,0.0,0.049,外协,锦佳盛
C390.10.0-1,C390-前车副车架,,,,C390,1,0.0,0.0,0.0,0.0,质检部,鑫铂
C390.2.0-1,C390-前碰撞横梁,C390.2.0-1-YL,1508,C390-前碰撞横梁,C390,2,0.0,0.0,0.0,0.0,质检部,鑫铂
C390.3.0-1,C390-后碰撞横梁,C390.3.0-1-YL,1140,C390-后碰撞横梁,C390,1,0.0,0.0,0.0,0.0,质检部,鑫铂
C390.8.0-1,C390-门槛加强梁,C390.8.0-1-YL,955,C390-门槛加强梁,C390,1,0.0,0.0,0.0,0.0,质检部,鑫铂
500109-00522-01-01-01,C673-ICA右边框,500109-00522-01-01-01-YL-GY,1830,C673-ICA左右边框,C673-ICA,1,6.614,5.05,1.124,0.44,机加部,祥鑫
500109-00522-01-01-02,C673-ICA左边框,500109-00522-01-01-01-YL-GY,1830,C673-ICA左右边框,C673-ICA,1,6.614,5.05,1.124,0.44,机加部,祥鑫
500109-00522-01-02,C673-ICA前边框,500109-00522-01-02-YL,1320,C673-ICA前边框,C673-ICA,1,6.428,2.68,2.6,1.148,机加部,祥鑫
500109-00522-01-03,C673-ICA后边框,500109-00522-01-03-YL,1320,C673-ICA后边框,C673-ICA,1,7.968,4.64,2.204,1.124,机加部,祥鑫
500109-00522-01-04,C673-ICA前后膨胀梁_02,500109-00522-01-04-YL,1268,C673-ICA前后膨胀梁_02,C673-ICA,1,4.227,3.89,0.0,0.337,机加部,祥鑫
500109-00522-01-05,C673-ICA中部挂载梁_01,500109-00522-01-05-YL,1268,C673-ICA中部挂载梁_01,C673-ICA,1,2.95,2.854,0.0,0.096,机加部,祥鑫
500109-00522-01-06,C673-ICA水冷安装梁,500109-00522-01-06-YL,500109-00522-01-06-YL,C673-ICA水冷安装梁,C673-ICA,1,0.102,0.1,0.0,0.002,外协,祥鑫
500109-00522-01-08,C673-ICA加强梁02,500109-00522-01-08-YL,500109-00522-01-08-YL,C673-ICA加强梁02,C673-ICA,1,0.423,0.336,0.0,0.087,外协,祥鑫
500109-00522-01-11,C673-ICA加强梁05,500109-00522-01-11-YL,500109-00522-01-11-YL,C673-ICA加强梁05,C673-ICA,1,0.302,0.264,0.0,0.038,外协,祥鑫
500109-00522-01-13,C673-ICA加强梁07,500109-00522-01-13-YL,500109-00522-01-13-YL,C673-ICA加强梁07,C673-ICA,1,0.205,0.181,0.0,0.024,外协,祥鑫
500109-00522-01-15/14,C673-ICA加强梁09,500109-00522-01-15/14-YL,500109-00522-01-15/14-YL,C673-ICA加强梁09,C673-ICA,3,0.064,0.064,0.0,0.0,外协,祥鑫
500109-00522-01-16,C673-ICA加强梁10,500109-00522-01-16-YL,500109-00522-01-16-YL,C673-ICA加强梁10,C673-ICA,1,0.315,0.277,0.0,0.038,外协,祥鑫
500109-00522-01-17,C673-ICA加强梁11,500109-00522-01-17-YL,500109-00522-01-17-YL,C673-ICA加强梁11,C673-ICA,2,0.034,0.034,0.0,0.0,外协,祥鑫
500109-00522-01-18,C673-ICA加强梁12,500109-00522-01-18-YL,500109-00522-01-18-YL,C673-ICA加强梁12,C673-ICA,2,0.247,0.226,0.0,0.021,外协,祥鑫
500109-00522-01-20,C673-ICA水冷安装梁02,500109-00522-01-20-YL,500109-00522-01-20-YL,C673-ICA水冷安装梁02,C673-ICA,1,0.102,0.1,0.0,0.002,外协,祥鑫
500109-00522-01-21,C673-ICA加强梁14,500109-00522-01-21-YL,500109-00522-01-21-YL,C673-ICA加强梁14,C673-ICA,1,0.025,0.025,0.0,0.0,外协,祥鑫
500109-00522-04-03,C673-ICA钢带安装底座01,500109-00522-04-03-YL,500109-00522-04-03-YL,C673-ICA钢带安装底座01,C673-ICA,5,0.031,0.031,0.0,0.0,外协,祥鑫
500109-00522-04-04,C673-ICA钢带安装底座02,500109-00522-04-04-YL,500109-00522-04-04-YL,C673-ICA钢带安装底座02,C673-ICA,5,0.036,0.036,0.0,0.0,外协,祥鑫
500109-00522-04-07,C673-ICA护板安装支架01,500109-00522-04-07-YL,500109-00522-04-07-YL,C673-ICA护板安装支架01,C673-ICA,1,0.019,0.018,0.0,0.001,外协,祥鑫
500109-00522-04-08,C673-ICA护板安装支架02,500109-00522-04-08-YL,500109-00522-04-08-YL,C673-ICA护板安装支架02,C673-ICA,6,0.019,0.018,0.0,0.001,外协,祥鑫
500109-00522-04-09,C673-ICA护板安装支架03,500109-00522-04-09-YL,500109-00522-04-09-YL,C673-ICA护板安装支架03,C673-ICA,3,0.019,0.018,0.0,0.001,外协,祥鑫
500109-00522-04-12-01,C673-ICA挤铝支架-01,500109-00522-04-12-01-YL,500109-00522-04-12-01-YL,C673-ICA挤铝支架-01,C673-ICA,1,0.043,0.041,0.0,0.002,外协,祥鑫
500109-00522-04-12-02,C673-ICA挤铝支架-02,500109-00522-04-12-02-YL,500109-00522-04-12-02-YL,C673-ICA挤铝支架-02,C673-ICA,1,0.043,0.041,0.0,0.002,外协,祥鑫
500109-00522-05-04,C673-ICA防爆阀封堵片,500109-00522-05-04-YL,500109-00522-05-04-YL,C673-ICA防爆阀封堵片,C673-ICA,1,0.017,0.013,0.0,0.004,外协,祥鑫
C857-EU.1.0-1,C857-前机舱下加强件（左）,C857-EU.1.0/2.0-1-YL-GY,277,C857-前机舱加强件,C857,1,0.0,0.0,0.0,0.0,质检部,鑫铂
C857-EU.2.0-1,C857-前机舱下加强件（右）,C857-EU.1.0/2.0-1-YL-GY,277,C857-前机舱加强件,C857,1,0.0,0.0,0.0,0.0,质检部,鑫铂
C857-EU.6.0-1,C857-前碰撞横梁（6.0）,C857-EU.6.0/7.0-1-YL-GY,1137.6,C857-前碰撞横梁,C857,1,0.0,0.0,0.0,0.0,质检部,鑫铂
C857-EU.7.0-1,C857-前碰撞横梁（7.0）,C857-EU.6.0/7.0-1-YL-GY,1137.6,C857-前碰撞横梁,C857,1,0.0,0.0,0.0,0.0,质检部,鑫铂
C857-EU.8.0-1,C857-门槛型材（左）,C857-EU.8.0/9.0-1-YL-GY,1184.6,C857-门槛型材,C857,1,0.0,0.0,0.0,0.0,质检部,鑫铂
C857-EU.9.0-1,C857-门槛型材（右）,C857-EU.8.0/9.0-1-YL-GY,1184.6,C857-门槛型材,C857,1,0.0,0.0,0.0,0.0,质检部,鑫铂
500104-00369-01-01,CM2E后梁01,500104-00369-01-01-YL,837.84,CM2E后梁01,CM2E,1,2.828,2.312,0.0,0.516,机加部,联伟
500104-00369-01-05,CM2E横梁02,500104-00369-01-05-YL,1273.9,CM2E横梁02,CM2E,1,4.37,4.2,0.0,0.17,机加部,联伟
500104-00369-03-09,CM2E客户支架3,500104-00369-03-09-YL,500104-00369-03-09-YL,CM2E客户支架3,CM2E,2,0.34,0.308,0.0,0.032,外协,联伟
500104-00369-03-22,CM2E膨胀梁加强支架22,500104-00369-03-22-YL,500104-00369-03-22-YL,CM2E膨胀梁加强支架,CM2E,1,0.105,0.095,0.0,0.01,外协,联伟
500104-00369-03-29,CM2E膨胀梁加强支架1,500104-00369-03-29-YL,500104-00369-03-29-YL,CM2E膨胀梁加强支架1,CM2E,1,0.075,0.068,0.0,0.007,外协,联伟
500104-00369-03-35,CM2E加强梁,500104-00369-03-35-YL,500104-00369-03-35-YL,CM2E加强梁,CM2E,2,0.063,0.055,0.0,0.008,外协,联伟
500104-00369-03-47,CM2E膨胀梁加强支架47,500104-00369-03-47-YL,500104-00369-03-47-YL,CM2E膨胀梁加强支架,CM2E,1,0.105,0.082,0.0,0.023,外协,联伟
500104-00369-03-88,CM2E补强支架88,500104-00369-03-88-YL,500104-00369-03-88-YL,CM2E补强支架,CM2E,1,0.129,0.111,0.0,0.018,外协,联伟
500104-00369-03-89,CM2E补强支架89,500104-00369-03-89-YL,500104-00369-03-89-YL,CM2E补强支架,CM2E,1,0.129,0.111,0.0,0.018,外协,联伟
500104-00369-08-01,CM2E型材底板01,500104-00369-08-01-YL,1169*386.3*11,CM2E型材底板01,CM2E,1,6.6,6.508,0.0,0.092,机加部,联伟
500104-00369-08-02,CM2E型材底板02,500104-00369-08-02-YL,1169*316*11,CM2E型材底板02,CM2E,1,5.35,5.31,0.0,0.04,机加部,联伟
500104-00369-08-05,CM2E型材底板05,500104-00369-08-05-YL,1169*114.3*11,CM2E型材底板05,CM2E,1,2.312,2.062,0.116,0.134,机加部,联伟
500104-00369-08-06,CM2E型材底板03,500104-00369-08-06-YL,1169*315*11,CM2E型材底板03,CM2E,3,5.35,5.26,0.0,0.09,机加部,联伟
500104-00377-01-08,DC1E安装梁01,500104-00377-01-08-YL,500104-00377-01-08-YL,DC1E安装梁01,DC1E,1,0.175,0.103,0.0,0.072,外协,祥鑫
500104-00377-01-10,DC1E安装梁03,500104-00377-01-10-YL,500104-00377-01-10-YL,DC1E安装梁03,DC1E,1,0.45,0.27,0.0,0.18,外协,祥鑫
500104-00377-01-16-1,DC1E左边梁,500104-00377-01-16-1-YL-GY,1774,DC1E左右边梁,DC1E,1,19.958,17.898,0.718,1.342,机加部,祥鑫
500104-00377-01-16-2,DC1E右边梁,500104-00377-01-16-1-YL-GY,1774,DC1E左右边梁,DC1E,1,19.958,17.898,0.718,1.342,机加部,祥鑫
500104-00377-01-17-1,DC1E左侧前梁,500104-00377-01-17-1-YL,500104-00377-01-17-1-YL,DC1E左侧前梁,DC1E,1,2.634,2.047,0.0,0.587,外协,祥鑫
500104-00377-01-17-2,DC1E右侧前梁,500104-00377-01-17-2-YL,500104-00377-01-17-2-YL,DC1E右侧前梁,DC1E,1,2.634,2.047,0.0,0.587,外协,祥鑫
500104-00377-01-20,DC1E补强梁,500104-00377-01-20-YL,1374,DC1E补强梁,DC1E,1,8.514,7.272,0.12,1.122,机加部,祥鑫
500104-00377-01-22,DC1E后梁02,500104-00377-01-22-YL,1445,DC1E后梁02,DC1E,1,12.596,7.898,2.872,1.826,机加部,祥鑫
500104-00377-01-23,DC1E前梁01,500104-00377-01-23-YL,916,DC1E前梁01,DC1E,1,3.922,3.19,0.0,0.732,机加部,联伟
500104-00377-03-02-1,DC1E客户安装支架02A,500104-00377-03-02-1-YL,500104-00377-03-02-1-YL,DC1E客户安装支架02A,DC1E,1,0.379,0.362,0.0,0.017,外协,祥鑫
500104-00377-03-02-2,DC1E客户安装支架02B,500104-00377-03-02-2-YL,500104-00377-03-02-2-YL,DC1E客户安装支架02B,DC1E,1,0.379,0.362,0.0,0.017,外协,祥鑫
500104-00377-03-03-1,DC1E客户安装支架03A,500104-00377-03-03-1-YL,500104-00377-03-03-1-YL,DC1E客户安装支架03A,DC1E,1,0.236,0.236,0.0,0.0,外协,祥鑫
500104-00377-03-03-2,DC1E客户安装支架03B,500104-00377-03-03-2-YL,500104-00377-03-03-2-YL,DC1E客户安装支架03B,DC1E,1,0.236,0.228,0.0,0.008,外协,祥鑫
500104-00377-03-05,DC1E客户安装支架05,500104-00377-03-05-YL,500104-00377-03-05-YL,DC1E客户安装支架05,DC1E,2,0.024,0.023,0.0,0.001,外协,祥鑫
500104-00377-03-11,DC1E前膨胀梁补强支架01,500104-00377-03-11-YL,500104-00377-03-11-YL,DC1E前膨胀梁补强支架01,DC1E,2,0.086,0.085,0.0,0.001,外协,祥鑫
500104-00377-04-01-05,DC1E挤铝支架左,500104-00377-04-01-05-YL,500104-00377-04-01-05-YL,DC1E挤铝支架左,DC1E,1,0.063,0.054,0.0,0.009,外协,祥鑫
500104-00377-04-01-06,DC1E挤铝支架右,500104-00377-04-01-06-YL,500104-00377-04-01-06-YL,DC1E挤铝支架右,DC1E,1,0.063,0.054,0.0,0.009,外协,祥鑫
500104-00377-04-01-07,DC1E挤铝支架01左,500104-00377-04-01-07-YL,500104-00377-04-01-07-YL,DC1E挤铝支架01左,DC1E,1,0.129,0.116,0.0,0.013,外协,祥鑫
500104-00377-04-01-08,DC1E挤铝支架01右,500104-00377-04-01-08-YL,500104-00377-04-01-08-YL,DC1E挤铝支架01右,DC1E,1,0.129,0.118,0.0,0.011,外协,祥鑫
500104-00377-04-06-01,DC1E塞条01,500104-00377-04-06-01-YL,500104-00377-04-06-01-YL,DC1E塞条01,DC1E,2,0.02,0.02,0.0,0.0,外协,祥鑫
500104-00377-04-06-03,DC1E塞条03,500104-00377-04-06-03-YL,500104-00377-04-06-03-YL,DC1E塞条03,DC1E,2,0.014,0.014,0.0,0.0,外协,祥鑫
500104-00377-04-06-04,DC1E塞条04,500104-00377-04-06-04-YL,500104-00377-04-06-04-YL,DC1E塞条04,DC1E,2,0.031,0.031,0.0,0.0,外协,祥鑫
500104-00377-04-06-06/8,DC1E塞条06,500104-00377-04-06-06/8-YL,500104-00377-04-06-06/8-YL,DC1E塞条06,DC1E,6,0.046,0.046,0.0,0.0,外协,祥鑫
500104-00377-04-06-07,DC1E塞条07,500104-00377-04-06-07-YL,500104-00377-04-06-07-YL,DC1E塞条07,DC1E,2,0.035,0.035,0.0,0.0,外协,祥鑫
500104-00377-08-02/01,DC1E型材底板02/01,500104-00377-08-02/01-YL,1162,DC1E型材底板02/01,DC1E,3,7.89,7.671,0.0,0.219,机加部,祥鑫
500104-00377-08-03,DC1E型材底板03,500104-00377-08-03-YL,1162,DC1E型材底板03,DC1E,1,3.71,3.566,0.0,0.144,机加部,祥鑫
500104-00377-08-04,DC1E型材底板04,500104-00377-08-04-YL,1162,DC1E型材底板04,DC1E,1,6.492,6.246,0.0,0.246,机加部,祥鑫
500104-00377-08-05,DC1E型材底板05,500104-00377-08-05-YL,1192,DC1E型材底板05,DC1E,1,4.206,3.446,0.53,0.23,机加部,祥鑫
500104-00377-11-01,DC1E密封片01,500104-00377-11-01-YL,500104-00377-11-01-YL,DC1E密封片01,DC1E,1,0.037,0.026,0.0,0.011,外协,祥鑫
500104-00377-11-02,DC1E密封片02,500104-00377-11-02-YL,500104-00377-11-02-YL,DC1E密封片02,DC1E,2,0.015,0.014,0.0,0.001,外协,祥鑫
500104-00377-11-03,DC1E密封片03,500104-00377-11-03-YL,500104-00377-11-03-YL,DC1E密封片03,DC1E,1,0.053,0.037,0.0,0.016,外协,祥鑫
500104-00377-11-04,DC1E密封片04,500104-00377-11-04-YL,500104-00377-11-04-YL,DC1E密封片04,DC1E,2,0.0,0.0,0.0,0.0,外协,祥鑫
500104-00377-11-05,DC1E密封片05,500104-00377-11-05-YL,500104-00377-11-05-YL,DC1E密封片05,DC1E,6,0.004,0.003,0.0,0.001,外协,祥鑫
500104-00377-11-18,DC1E密封片18,500104-00377-11-18-YL,500104-00377-11-18-YL,DC1E密封片18,DC1E,1,0.082,0.051,0.0,0.031,外协,祥鑫
500104-00404-01-21,DC1E后梁01,500104-00404-01-21-YL,1377,DC1E后梁01,DC1E,1,4.882,4.452,0.098,0.332,机加部,祥鑫
500104-00404-03-07,DC1E补强支架,500104-00404-03-07-YL,500104-00404-03-07-YL,DC1E补强支架,DC1E,2,0.22,0.22,0.0,0.0,外协,祥鑫
500104-00404-03-27,DC1E补强支架01,500104-00404-03-27-YL,500104-00404-03-27-YL,DC1E补强支架01,DC1E,2,0.315,0.314,0.0,0.001,外协,祥鑫
5040076374-XC-01,DJ2436后面板,5040076374-XC-01-YL,1005,DJ2436后面板,DJ2436,1,2.43,1.516,0.0,0.914,质检部,祥鑫
5040076374-XC-02,DJ2436右斜边框,5040076374-XC-02-YL,5040076374-XC-02-YL,DJ2436右斜边框,DJ2436,1,0.522,0.389,0.0,0.133,外协,祥鑫
5040076374-XC-03,DJ2436左斜边框,5040076374-XC-03-YL,5040076374-XC-03-YL,DJ2436左斜边框,DJ2436,1,0.522,0.389,0.0,0.133,外协,祥鑫
5040076374-XC-04,DJ2436右边框04,5040076374-XC-04-YL,5040076374-XC-04-YL,DJ2436右边框,DJ2436,1,0.571,0.473,0.0,0.098,外协,祥鑫
5040076374-XC-05,DJ2436左边框05,5040076374-XC-05-YL,5040076374-XC-05-YL,DJ2436左边框05,DJ2436,1,0.571,0.473,0.0,0.098,外协,祥鑫
5040076374-XC-06,DJ2436前框梁,5040076374-XC-06-YL,1320,DJ2436前框梁,DJ2436,1,4.582,4.156,0.0,0.426,质检部,祥鑫
5040076374-XC-07,DJ2436后横梁-左,5040076374-XC-07-YL,5040076374-XC-07-YL,DJ2436后横梁-左,DJ2436,1,0.477,0.389,0.0,0.088,外协,祥鑫
5040076374-XC-08,DJ2436后横梁-右,5040076374-XC-08-YL,5040076374-XC-08-YL,DJ2436后横梁-右,DJ2436,1,0.512,0.433,0.0,0.079,外协,祥鑫
5040076374-XC-09,DJ2436后横梁支持梁-1,5040076374-XC-09-YL,5040076374-XC-09,DJ2436后横梁支持梁-1,DJ2436,1,0.085,0.082,0.0,0.003,外协,祥鑫
5040076374-XC-10,DJ2436后横梁支持梁-2,5040076374-XC-10-YL,5040076374-XC-10-YL,DJ2436后横梁支持梁-2,DJ2436,1,0.085,0.082,0.0,0.003,外协,祥鑫
5040076374-XC-11,DJ2436后横梁支持梁-3,5040076374-XC-11-YL,5040076374-XC-11-YL,DJ2436后横梁支持梁-3,DJ2436,1,0.085,0.082,0.0,0.003,外协,祥鑫
5040076374-XC-12,DJ2436后横梁支持梁-4,5040076374-XC-12-YL,5040076374-XC-12-YL,DJ2436后横梁支持梁-4,DJ2436,1,0.085,0.082,0.0,0.003,外协,祥鑫
5040076374-XC-13,DJ2436后横梁,5040076374-XC-13-YL,1270,DJ2436后横梁,DJ2436,1,2.078,1.894,0.0,0.184,质检部,祥鑫
5040076374-XC-14,DJ2436中部横梁,5040076374-XC-14-YL,1260,DJ2436中部横梁,DJ2436,1,2.59,2.32,0.056,0.214,质检部,祥鑫
5040076374-XC-15,DJ2436前横梁,5040076374-XC-15-YL,1270,DJ2436前横梁,DJ2436,1,2.35,2.24,0.0,0.11,质检部,祥鑫
5040076374-XC-16,DJ2436中部加强梁-1,5040076374-XC-16-YL,5040076374-XC-16-YL,DJ2436中部加强梁-1,DJ2436,1,0.0,0.0,0.0,0.0,外协,祥鑫
5040076374-XC-17,DJ2436后端加强横梁1,5040076374-XC-17-YL,5040076374-XC-17-YL,DJ2436后端加强横梁1,DJ2436,1,0.0,0.0,0.0,0.0,外协,祥鑫
5040076374-XC-18,DJ2436左边框,5040076374-XC-18-YL,1503,DJ2436左右边框,DJ2436,1,6.614,6.03,0.24,0.344,质检部,祥鑫
5040076374-XC-19,DJ2436右边框19,5040076374-XC-18-YL,1503,DJ2436左右边框,DJ2436,1,6.614,6.03,0.24,0.344,质检部,祥鑫
5040076374-XC-20,DJ2436后框吊耳-1,5040076374-XC-20-YL,5040076374-XC-20-YL,DJ2436后框吊耳-1,DJ2436,1,0.351,0.291,0.0,0.06,外协,祥鑫
5040076374-XC-21,DJ2436后框吊耳-2,5040076374-XC-21-YL,5040076374-XC-21-YL,DJ2436后框吊耳-2,DJ2436,1,0.351,0.291,0.0,0.06,外协,祥鑫
5040076374-XC-22,DJ2436前框吊耳,5040076374-XC-22-YL,5040076374-XC-22-YL,DJ2436前框吊耳,DJ2436,4,0.151,0.139,0.0,0.012,外协,祥鑫
5040076374-XC-23,DJ2436前加强梁-1,5040076374-XC-23-YL,5040076374-XC-23-YL,DJ2436前加强梁-1,DJ2436,1,0.043,0.039,0.0,0.004,外协,祥鑫
5040076374-XC-24,DJ2436前加强梁-2,5040076374-XC-24-YL,5040076374-XC-24-YL,DJ2436前加强梁-2,DJ2436,1,0.04,0.037,0.0,0.003,外协,祥鑫
5040076374-XC-25,DJ2436前加强梁-3,5040076374-XC-25-YL,5040076374-XC-25-YL,DJ2436前加强梁-3,DJ2436,2,0.092,0.086,0.0,0.006,外协,祥鑫
5040076374-XC-26,DJ2436斜边框封堵片,5040076374-XC-26-YL,5040076374-XC-26-YL,DJ2436斜边框封堵片,DJ2436,1,0.008,0.007,0.0,0.001,外协,祥鑫
500110-00255-01-03,E12-4C后梁,500110-00255-01-03-YL,1354,E12-4C后梁,E12-4C(平伟）,1,0.0,0.0,0.0,0.0,机加部,联伟
500110-00255-01-06,E12-4C中间膨胀梁02,500110-00255-01-06-YL,1302,E12-4C中间膨胀梁02,E12-4C(平伟）,1,0.0,0.0,0.0,0.0,机加部,联伟
500110-00255-01-19,E12-4C前后膨胀梁,500110-00255-01-19-YL,1302,E12-4C前后膨胀梁,E12-4C(平伟）,1,0.0,0.0,0.0,0.0,机加部,联伟
500110-00255-01-20,E12-4C安装梁06,500110-00255-01-20-YL,500110-00255-01-20-YL,E12-4C安装梁06,E12-4C(平伟）,1,0.0,0.0,0.0,0.0,外协,联伟
500110-00255-01-21,E12-4C安装梁07,500110-00255-01-21-YL,500110-00255-01-21-YL,E12-4C安装梁07,E12-4C(平伟）,1,0.0,0.0,0.0,0.0,外协,联伟
500110-00255-01-22,E12-4C安装梁10,500110-00255-01-22-YL,500110-00255-01-22-YL,E12-4C安装梁10,E12-4C(平伟）,1,0.0,0.0,0.0,0.0,外协,联伟
500110-00255-01-25,E12-4C安装梁11,500110-00255-01-25-YL,500110-00255-01-25-YL,E12-4C安装梁11,E12-4C(平伟）,1,0.0,0.0,0.0,0.0,外协,联伟
500110-00255-02-02-01,E12-4C前挂载点,500110-00255-02-02-01-YL,500110-00255-02-02-01-YL,E12-4C前挂载点,E12-4C(平伟）,2,0.0,0.0,0.0,0.0,外协,联伟
500110-00255-02-03-01,E12-4C后挂载点1,500110-00255-02-03-01-YL,500110-00255-02-03-01-YL,E12-4C后挂载点1,E12-4C(平伟）,1,0.0,0.0,0.0,0.0,外协,联伟
500110-00255-02-03-02,E12-4C后挂载点2,500110-00255-02-03-02-YL,500110-00255-02-03-02-YL,E12-4C后挂载点2,E12-4C(平伟）,1,0.0,0.0,0.0,0.0,外协,联伟
500110-00255-04-03,E12-4C护板固定支架01,500110-00255-04-03-YL,500110-00255-04-03-YL,E12-4C护板固定支架01,E12-4C(平伟）,4,0.0,0.0,0.0,0.0,外协,联伟
500110-00255-04-04,E12-4C护板固定支架02,500110-00255-04-04-YL,500110-00255-04-04-YL,E12-4C护板固定支架02,E12-4C(平伟）,4,0.0,0.0,0.0,0.0,外协,联伟
500110-00255-04-05,E12-4C护板固定支架03,500110-00255-04-05-YL,500110-00255-04-05-YL,E12-4C护板固定支架03,E12-4C(平伟）,4,0.0,0.0,0.0,0.0,外协,联伟
500110-00255-04-07,E12-4C护板固定支架05,500110-00255-04-07-YL,500110-00255-04-07-YL,E12-4C护板固定支架05,E12-4C(平伟）,1,0.0,0.0,0.0,0.0,外协,联伟
500110-00255-04-08,E12-4C护板固定支架06,500110-00255-04-08-YL,500110-00255-04-08-YL,E12-4C护板固定支架06,E12-4C(平伟）,4,0.0,0.0,0.0,0.0,外协,联伟
500110-00255-04-09,E12-4C护板固定支架07,500110-00255-04-09-YL,500110-00255-04-09-YL,E12-4C护板固定支架07,E12-4C(平伟）,1,0.0,0.0,0.0,0.0,外协,联伟
500604-00389-01,E12-4C中间膨胀梁03,500110-00255-01-19-YL,1302,E12-4C前后膨胀梁,E12-4C(平伟）,1,0.0,0.0,0.0,0.0,机加部,联伟
500109-00381-01-01-A,E12左边框,500109-00381-01-01-A-YL-GY,2153.3,E12左右边框,E12,1,6.858,5.008,1.282,0.568,机加部,祥鑫
500109-00381-01-01-B,E12右边框,500109-00381-01-01-A-YL-GY,2153.3,E12左右边框,E12,1,6.858,5.008,1.282,0.568,机加部,祥鑫
500109-00381-01-02,E12前边框,500109-00381-01-02-YL,1352,E12前边框,E12,1,1.914,1.576,0.128,0.21,机加部,祥鑫
500109-00381-01-03,E12后边框,500109-00381-01-03-YL,1352,E12后边框,E12,1,3.674,3.37,0.0,0.304,机加部,祥鑫
500109-00381-01-04,E12横梁01,500109-00381-01-04-YL,1302*86*22,E12横梁01,E12,1,2.03,1.935,0.025,0.07,机加部,祥鑫
500109-00381-01-05,E12横梁02(四驱）,500109-00381-01-05-YL-GY,1290*86*22,E12横梁02/03,E12,1,2.04,1.915,0.025,0.1,机加部,祥鑫
500109-00381-01-06,E12膨胀梁(四驱）,500109-00381-01-06-YL-GY,1290*86*20.5,E12膨胀梁,E12,1,1.962,1.788,0.0,0.174,机加部,祥鑫
500109-00381-01-07-A,E12纵梁01,500109-00381-01-07-A-YL-GY,2022.3,E12纵梁,E12,1,4.82,4.096,0.35,0.374,机加部,祥鑫
500109-00381-01-07-B,E12纵梁02,500109-00381-01-07-A-YL-GY,2022.3,E12纵梁,E12,1,4.82,4.096,0.35,0.374,机加部,祥鑫
500109-00381-01-08,E12横梁03,500109-00381-01-05-YL-GY,1290*86*22,E12横梁02/03,E12,1,2.04,1.915,0.025,0.1,机加部,祥鑫
500109-00381-01-10-A,E12挂载02A,500109-00381-01-10-A-YL,500109-00381-01-10-A-YL,E12挂载02A,E12,1,0.747,0.3,0.0,0.447,外协,祥鑫
500109-00381-01-10-B,E12挂载02B,500109-00381-01-10-B-YL,500109-00381-01-10-B-YL,E12挂载02B,E12,1,0.747,0.3,0.0,0.447,外协,祥鑫
500109-00381-01-11,E12安装座02,500109-00381-01-11-YL,500109-00381-01-11-YL,E12安装座02,E12,1,0.167,0.13,0.0,0.037,外协,祥鑫
500109-00381-01-12,E12安装座01,500109-00381-01-12-YL,500109-00381-01-12-YL,E12安装座01,E12,1,0.142,0.11,0.0,0.032,外协,祥鑫
500109-00381-01-13,E12前挂载点,500109-00381-01-13-YL,500109-00381-01-13-YL,E12前挂载点,E12,2,0.271,0.21,0.0,0.061,外协,祥鑫
500109-00381-01-16,E12安装梁02,500109-00381-01-16-YL,500109-00381-01-16-YL,E12安装梁02,E12,1,0.14,0.14,0.0,0.0,外协,祥鑫
500109-00381-01-26,E12安装梁11（四驱）,500109-00381-01-26-YL,500109-00381-01-26-YL,E12安装梁11（四驱）,E12,1,0.029,0.026,0.0,0.003,外协,祥鑫
500109-00381-01-27,E12安装梁12,500109-00381-01-27-YL,500109-00381-01-27-YL,E12安装梁12,E12,4,0.048,0.04,0.0,0.008,外协,祥鑫
500109-00381-03-02-01,E12护板固定支架01,500109-00381-03-02-01-YL,500109-00381-03-02-01-YL,E12护板固定支架01,E12,5,0.027,0.01,0.0,0.017,外协,祥鑫
500109-00381-03-02-03,E12护板固定支架03,500109-00381-03-02-03-YL,500109-00381-03-02-03-YL,E12护板固定支架03,E12,4,0.093,0.08,0.0,0.013,外协,祥鑫
500109-00381-03-02-06,E12护板固定支架06,500109-00381-03-02-06-YL,500109-00381-03-02-06-YL,E12护板固定支架06,E12,5,0.027,0.01,0.0,0.017,外协,祥鑫
500109-00381-03-03-02,E12护板固定支架02,500109-00381-03-03-02-YL,500109-00381-03-03-02-YL,E12护板固定支架02,E12,4,0.028,0.02,0.0,0.008,外协,祥鑫
500109-00381-03-06-01,E12安装支架,500109-00381-03-06-01-YL,500109-00381-03-06-01-YL,E12安装支架,E12,4,0.0,0.0,0.0,0.0,外协,祥鑫
500109-00412/583-01-05,E12横梁02(两驱）,500109-00381-01-05-YL-GY,1290*86*22,E12横梁02/03,E12,1,2.04,1.915,0.025,0.1,质检部,祥鑫
500109-00412/583-01-06,E12膨胀梁(两驱）,500109-00381-01-06-YL-GY,1290*86*20.5,E12膨胀梁,E12,1,1.962,1.788,0.0,0.174,质检部,祥鑫
500109-00412-01-19,E12安装梁05（两驱）,500109-00412-01-19-YL,500109-00412-01-19-YL,E12安装梁05（两驱）,E12,1,0.189,0.185,0.0,0.004,外协,祥鑫
500109-00582/583-01-03,E12海外版后边框,500109-00381-01-03-YL,1352,E12后边框,E12,1,3.674,3.37,0.0,0.304,质检部,祥鑫
500109-00582/583-03-06-01,E12-海外版安装支架,500109-00582-03-06-01-YL,100,E12-海外版安装支架,E12,1,0.0,0.0,0.0,0.0,质检部,祥鑫
500109-00582-01-25,E12-海外版安装梁10,500109-00582-01-25-YL,77.81,E12-海外版安装梁10,E12,1,0.0,0.0,0.0,0.0,质检部,祥鑫
500109-00582-03-06-01,E12-海外版安装支架,500109-00582-03-06-01-YL,100,E12-海外版安装支架,E12,1,0.0,0.0,0.0,0.0,质检部,祥鑫
500109-00381-01-15,E12安装梁01,500109-00381-01-15-YL,500109-00381-01-15-YL,E12安装梁01,E12-98（星环）,1,0.402,0.26,0.0,0.142,外协,祥鑫
500109-00381-01-17,E12安装梁03,500109-00381-01-17-YL,500109-00381-01-17-YL,E12安装梁03,E12-98（星环）,1,0.178,0.17,0.0,0.008,外协,祥鑫
500109-00381-01-18,E12安装梁04,500109-00381-01-18-YL,500109-00381-01-18-YL,E12安装梁04,E12-98（星环）,1,0.14,0.14,0.0,0.0,外协,祥鑫
500109-00381-01-19,E12安装梁05（四驱）,500109-00381-01-19-YL,500109-00381-01-19-YL,E12安装梁05（四驱）,E12-98（星环）,1,0.189,0.185,0.0,0.004,外协,祥鑫
500109-00381-01-20,E12安装梁06,500109-00381-01-20-YL,500109-00381-01-20-YL,E12安装梁06,E12-98（星环）,1,0.189,0.185,0.0,0.004,外协,祥鑫
500109-00381-01-21,E12安装梁07,500109-00381-01-21-YL,500109-00381-01-21-YL,E12安装梁07,E12-98（星环）,1,0.178,0.175,0.0,0.003,外协,祥鑫
500109-00381-01-22,E12安装梁08,500109-00381-01-22-YL,500109-00381-01-22-YL,E12安装梁08,E12-98（星环）,1,0.178,0.175,0.0,0.003,外协,祥鑫
500109-00381-01-24,E12安装梁09,500109-00381-01-24-YL,500109-00381-01-24-YL,E12安装梁09,E12-98（星环）,2,0.041,0.04,0.0,0.001,外协,祥鑫
500109-00381-01-25,E12安装梁10,500109-00381-01-25-YL,500109-00381-01-25-YL,E12安装梁10,E12-98（星环）,2,0.037,0.03,0.0,0.007,外协,祥鑫
500109-00381-01-28,E12安装梁13,500109-00381-01-28-YL,500109-00381-01-28-YL,E12安装梁13,E12-98（星环）,1,0.099,0.095,0.0,0.004,外协,祥鑫
500109-00381-01-29,E12安装梁14,500109-00381-01-29-YL,500109-00381-01-29-YL,E12安装梁14,E12-98（星环）,2,0.022,0.02,0.0,0.002,外协,祥鑫
500109-00381-01-30,E12安装梁15,500109-00381-01-30-YL,500109-00381-01-30-YL,E12安装梁15,E12-98（星环）,1,0.029,0.026,0.0,0.003,外协,祥鑫
500109-00412/583-01-19,E12安装梁05（两驱）,500109-00381-01-19-YL,425.8,E12安装梁05（四驱）,E12-98（星环）,1,0.189,0.185,0.0,0.004,质检部,祥鑫
500109-00412-01-26,E12安装梁11（两驱）,500109-00412-01-26-YL,500109-00412-01-26-YL,E12安装梁11（两驱）,E12-98（星环）,1,0.0,0.0,0.0,0.0,外协,祥鑫
500109-00521-01-02-A,E15右边框,500109-00521-01-02-A-YL-GY,1940.898,E15左右边框,E15,1,13.686,13.264,0.0,0.422,机加部,祥鑫
500109-00521-01-02-B,E15左边框,500109-00521-01-02-A-YL-GY,1940.898,E15左右边框,E15,1,13.686,13.264,0.0,0.422,机加部,祥鑫
500109-00521-01-03,E15前梁（四驱）,500109-00521-01-03-YL-GY,1400,E15前梁,E15,1,6.906,6.068,0.0,0.838,机加部,祥鑫
500109-00521-01-04,E15后梁,500109-00521-01-04-YL,500109-00521-01-04-YL,E15后梁,E15,1,0.867,0.71,0.0,0.157,外协,祥鑫
500109-00521-01-05,E15中部挂载梁,500109-00521-01-05-YL,1311,E15中部挂载梁,E15,1,4.588,4.458,0.0,0.13,机加部,祥鑫
500109-00521-01-06,E15前膨胀梁,500109-00521-01-06-YL,1311,E15前膨胀梁,E15,1,3.886,3.53,0.0,0.356,机加部,祥鑫
500109-00521-01-07,E15后膨胀梁,500109-00521-01-07-YL,1313,E15后膨胀梁,E15,1,5.682,5.35,0.0,0.332,机加部,祥鑫
500109-00521-01-08,E15中部横梁,500109-00521-01-08-YL,1311,E15中部横梁,E15,1,3.082,2.984,0.046,0.052,机加部,祥鑫
500109-00521-01-09-A,E15右斜后梁,500109-00521-01-09-A-YL,500109-00521-01-09-A-YL,E15右斜后梁,E15,1,1.248,1.065,0.0,0.183,外协,祥鑫
500109-00521-01-09-B,E15左斜后梁,500109-00521-01-09-B-YL,500109-00521-01-09-B-YL,E15左斜后梁,E15,1,1.248,1.045,0.0,0.203,外协,祥鑫
500109-00521-02-01-03,E15水冷法兰支撑梁,500109-00521-02-01-03-YL,500109-00521-02-01-03-YL,E15水冷法兰支撑梁,E15,1,0.291,0.275,0.0,0.016,外协,祥鑫
500109-00521-02-01-06,E15钢带安装底座（挤出）,500109-00521-02-01-06-YL,500109-00521-02-01-06-YL,E15钢带安装底座（挤出）,E15,3,0.035,0.035,0.0,0.0,外协,祥鑫
500109-00521-02-01-08,E15外部型材支架01,500109-00521-02-01-08-YL,500109-00521-02-01-08-YL,E15外部型材支架01,E15,1,0.013,0.012,0.0,0.001,外协,祥鑫
500109-00521-02-01-10,E15支撑支架02,500109-00521-02-01-10-YL,500109-00521-02-01-10-YL,E15支撑支架02,E15,2,0.022,0.022,0.0,0.0,外协,祥鑫
500109-00521-02-01-11,E15支撑梁03,500109-00521-02-01-11-YL,500109-00521-02-01-11-YL,E15支撑梁03,E15,3,0.079,0.053,0.0,0.026,外协,祥鑫
500109-00521-02-01-12,E15钢带安装底座（挤出4）,500109-00521-02-01-12-YL,500109-00521-02-01-12-YL,E15钢带安装底座（挤出4）,E15,1,0.181,0.119,0.0,0.062,外协,祥鑫
500109-00521-02-01-13,E15钢带安装底座（挤出5）,500109-00521-02-01-13-YL,500109-00521-02-01-13-YL,E15钢带安装底座（挤出5）,E15,1,0.181,0.119,0.0,0.062,外协,祥鑫
500109-00521-02-01-14,E15钢带安装底座（挤出2）,500109-00521-02-01-14-YL,500109-00521-02-01-14-YL,E15钢带安装底座（挤出2）,E15,1,0.079,0.059,0.0,0.02,外协,祥鑫
500109-00521-02-01-15,E15钢带安装底座（挤出3）,500109-00521-02-01-15-YL,500109-00521-02-01-15-YL,E15钢带安装底座（挤出3）,E15,1,0.079,0.059,0.0,0.02,外协,祥鑫
500109-00521-02-01-21,E15SBOX支架01,500109-00521-02-01-21-YL,500109-00521-02-01-21-YL,E15SBOX支架01,E15,1,0.107,0.067,0.0,0.04,外协,祥鑫
500109-00521-02-01-22,E15SBOX支架02,500109-00521-02-01-22-YL,500109-00521-02-01-22-YL,E15SBOX支架02,E15,1,0.059,0.058,0.0,0.001,外协,祥鑫
500109-00521-02-01-23,E15客户支架支撑底座01,500109-00521-02-01-23-YL,500109-00521-02-01-23-YL,E15客户支架支撑底座01,E15,2,0.074,0.074,0.0,0.0,外协,祥鑫
500109-00521-02-01-24,E15钢带安装底座（挤出6）,500109-00521-02-01-24-YL,500109-00521-02-01-24-YL,E15钢带安装底座（挤出6）,E15,3,0.046,0.04,0.0,0.006,外协,祥鑫
500109-00521-02-01-25,E15加强挤出支架01,500109-00521-02-01-25-YL,500109-00521-02-01-25-YL,E15加强挤出支架01,E15,4,0.011,0.011,0.0,0.0,外协,祥鑫
500109-00521-04-10,E15封堵片05,500109-00521-04-10-YL,500109-00521-04-10-YL,E15封堵片05,E15,1,0.05,0.048,0.0,0.002,外协,祥鑫
500109-00521-04-13,E15防爆阀封堵片,500109-00521-04-13-YL,500109-00521-04-13-YL,E15防爆阀封堵片,E15,1,0.017,0.016,0.0,0.001,外协,祥鑫
500109-00534-01-03,E15前梁（两驱）,500109-00521-01-03-YL-GY,1400,E15前梁,E15,1,6.906,6.068,0.0,0.838,机加部,祥鑫
500109-00312-01-03,E35前梁01,500109-00312-01-03-YL,455.6*119*103.88,E35前梁01,E35,1,2.912,1.926,0.0,0.986,机加部,联伟
500109-00312-01-04,E35前梁02,500109-00312-01-04-YL,280.8*119*103.88,E35前梁02,E35,1,1.81,1.354,0.0,0.456,机加部,联伟
500109-00312-01-14,E35横梁01,500109-00312-01-14-YL,1319*74*75.5,E35横梁01,E35,1,3.328,3.23,0.0,0.098,机加部,联伟
500109-00312-01-15,E35横梁02,500109-00312-01-15-YL-GY,1319*44*75.5,E35横梁02/03,E35,1,2.782,2.618,0.0,0.164,机加部,联伟
500109-00312-01-16,E35横梁03,500109-00312-01-15-YL-GY,1319*44*75.5,E35横梁02/03,E35,1,2.782,2.618,0.0,0.164,机加部,联伟
500109-00312-01-17,E35横梁04,500109-00312-01-17-YL,1044*44*75.5,E35横梁04,E35,1,2.21,2.036,0.0,0.174,机加部,联伟
500109-00312-01-19,E35纵梁,500109-00312-01-19-YL,1864.5*74.67*47.5,E35纵梁,E35,1,3.316,3.248,0.0,0.068,机加部,联伟
500109-00698-01-01,EHU-56前梁01,500109-00698-01-01-YL,1252.5,EHU-56前梁01,EHU-56,1,5.89,4.88,0.0,1.01,质检部,联伟
500109-00698-01-03,EHU-56左右边梁01,500109-00698-01-03-YL,1312.7,EHU-56左右边梁01,EHU-56,1,7.915,5.775,1.415,0.725,质检部,联伟
500109-00698-01-04,EHU-56左右边梁02,500109-00698-01-04-YL,1312.7,EHU-56左右边梁02,EHU-56,1,10.425,7.48,2.045,0.9,质检部,联伟
500109-00698-01-05,EHU-56-前侧边梁01-挤出,500109-00698-01-05-YL,52.6,EHU-56前侧边梁01,EHU-56,1,0.0,0.0,0.0,0.0,质检部,联伟
500109-00698-01-11,EHU-56安装梁1,500109-00677-01-11/14-YL-GY,285.9,EHU-56安装梁1/4,EHU-56,1,0.0,0.0,0.0,0.0,质检部,联伟
500109-00698-01-12,EHU-56安装梁2,500109-00677-01-12-YL,285.9,EHU-56安装梁2,EHU-56,1,0.0,0.0,0.0,0.0,质检部,联伟
500109-00698-01-14,EHU-56安装梁4,500109-00677-01-11/14-YL-GY,285.9,EHU-56安装梁1/4,EHU-56,1,0.0,0.0,0.0,0.0,质检部,联伟
500109-00698-01-15,EHU-56安装梁5,500109-00677-01-15-YL,121.9,EHU-56安装梁5,EHU-56,1,0.0,0.0,0.0,0.0,质检部,联伟
500109-00698-05-04-04,EHU-56客户支架04,500109-00698-05-04-04-YL,36,EHU-56客户支架04,EHU-56,1,0.0,0.0,0.0,0.0,质检部,联伟
500109-00698-05-06-001,EHU-56底座本体,500109-00698-05-06-001-YL,36,EHU-56底座本体,EHU-56,1,0.0,0.0,0.0,0.0,质检部,联伟
500109-00698-05-12-001,EHU-56底座本体02,500109-00698-05-12-001-YL,32,EHU-56底座本体02,EHU-56,1,0.0,0.0,0.0,0.0,质检部,联伟
500111-00049-02-01-A,ENERS模组前梁,500111-00080-02-01-YL-GY,1114.5,ENERS模组前梁,ENERS,1,1.156,1.266,0.0,0.25,机加部,联伟
500111-00049-02-02,ENERS模组后梁,500111-00080-02-02-YL-GY,1120.8,ENERS模组后梁,ENERS,1,0.968,0.856,0.0,0.112,机加部,联伟
500110-00035-01-03,EP36-2后梁01,500110-00035-01-03-YL,1380*48*50.6,EP36-2后梁01,EP36-2,1,2.36,2.244,0.0,0.116,机加部,联伟
500110-00035-01-04-01,NZ-EP36-2左前梁,500110-00035-01-04-01-A-YL,410.02,NZ-EP36-2前梁02-1,EP36-2,1,0.652,0.589,0.0,0.063,外协,联伟
500110-00035-01-04-01-A,NZ-EP36-2前梁02-1,500110-00035-01-04-01-A-YL,410.02,NZ-EP36-2前梁02-1,EP36-2,1,0.652,0.613,0.0,0.039,质检部,联伟
500110-00035-01-04-02,NZ-EP36-2前梁02-2,500110-00035-01-04-02-YL,410.02,NZ-EP36-2前梁02-2,EP36-2,1,0.652,0.613,0.0,0.039,外协,联伟
500110-00035-01-05,EP36-2前补强梁,500110-00035-01-05-YL,1328*32.8*90.6,EP36-2前补强梁,EP36-2,1,3.496,3.206,0.0,0.29,机加部,联伟
500110-00035-01-06,EP36-2后补强梁,500110-00035-01-06-YL,1328*60.8*90.6,EP36-2后补强梁,EP36-2,1,4.378,4.08,0.0,0.298,机加部,联伟
500110-00035-01-07,EP36-2横梁,500110-00035-01-07-YL,1328*45*83.8,EP36-2横梁,EP36-2,1,3.27,3.064,0.0,0.206,机加部,联伟
500109-00326-28,EPA1-28横梁2,500109-00326-28-YL,983*96.7*61,EPA1-28横梁2,EPA1-28,1,2.65,2.63,0.0,0.02,机加部,联伟
500109-00326-80,EPA1-28下箱体纵梁01（两面孔）,500109-00326-80-YL-GY,989*90.9*22,EPA1-28下箱体纵梁,EPA1-28,1,1.55,1.5,0.0,0.05,机加部,联伟
500109-00326-81,EPA1-28下箱体纵梁02,500109-00326-80-YL-GY,989*90.9*22,EPA1-28下箱体纵梁,EPA1-28,1,1.55,1.5,0.0,0.05,机加部,联伟
500109-00314-01,EPA1-59左边梁,500109-00314-01-YL-GY,1829*116*79,EPA1-59左右梁,EPA1-59,1,6.468,4.8,1.14,0.528,机加部,联伟
500109-00314-02,EPA1-59右边梁,500109-00314-01-YL-GY,1829*116*79,EPA1-59左右梁,EPA1-59,1,6.468,4.8,1.14,0.528,机加部,联伟
500109-00314-03,EPA1-59后边梁,500109-00314-03-YL,1320*142*79,EPA1-59后边梁,EPA1-59,1,5.426,2.574,1.812,1.04,机加部,联伟
500109-00314-04,EPA1-59前边梁,500109-00314-04-YL,1320*205*79,EPA1-59前边梁,EPA1-59,1,8.23,4.028,3.108,1.094,机加部,联伟
500109-00355-01-08,EPA2横梁,500109-00355-01-08-YL,1308*24.1*85,EPA2横梁,EPA2,1,2.28,2.15,0.0,0.13,质检部,联伟
500109-00355-01-09,EPA2纵梁,500109-00355-01-09-YL,1745.42*45*90,EPA2纵梁,EPA2,1,4.45,4.3,0.0,0.15,质检部,联伟
500109-00355-01-10,EPA2前补强梁,500109-00355-01-10-YL-GY,1298*23*85,EPA2补强梁前后,EPA2,1,2.38,2.25,0.0,0.13,质检部,联伟
500109-00355-01-10（本厂）,EPA2前补强梁,500109-00355-01-10-YL-GY,1298*23*85,EPA2补强梁前后,EPA2,1,2.38,2.25,0.0,0.13,质检部,联伟
500109-00355-01-11,EPA2后补强梁,500109-00355-01-10-YL-GY,1298*23*85,EPA2补强梁前后,EPA2,1,2.38,2.25,0.0,0.13,质检部,联伟
500109-00355-01-11（本厂）,EPA2后补强梁,500109-00355-01-10-YL-GY,1298*23*85,EPA2补强梁前后,EPA2,1,2.38,2.25,0.0,0.13,质检部,联伟
500109-00042-02,ES11后边框,500109-00042-02-YL,1330*116.5*114.3,ES11后边框,ES11,1,5.43,3.128,1.288,1.014,机加部,联伟
500109-00042-06,ES11横梁左,500109-00042-06-YL-GY,1278*85*19,ES11横梁左右,ES11,1,2.16,2.01,0.1,0.05,机加部,联伟
500109-00042-07,ES11横梁右,500109-00042-06-YL-GY,1278*85*19,ES11横梁左右,ES11,1,2.16,2.01,0.1,0.05,机加部,联伟
500109-00634-01-01-01,F1L-两侧梁左,500109-00634-01-01-01/02-YL-GY,1899.4,F1L-两侧梁,F1L,1,9.538,8.03,0.71,0.798,质检部,联伟
500109-00634-01-01-02,F1L-两侧梁右,500109-00634-01-01-01/02-YL-GY,1899.4,F1L-两侧梁,F1L,1,9.538,8.03,0.71,0.798,质检部,联伟
500110-00825-01-07,F2N81支撑支架01,500110-00800-01-07-YL,135,问界-81-支撑支架01,F2N81,1,0.0,0.0,0.0,0.0,质检部,联伟
500109-00677-01-01,F3-56-前梁01,500109-00677-01-01-YL,1252.5,F3-56-前梁01,F3-56,1,5.935,5.025,0.0,0.91,质检部,联伟
500109-00677-01-01-A,F3-56-前梁01,500109-00677-01-01-YL,1252.5,F3-56-前梁01,F3-56,1,5.935,5.025,0.0,0.91,质检部,联伟
500109-00677-01-02,F3-56-后梁01,500109-00677-01-02-YL,1199.2,F3-56-后梁01,F3-56,1,2.185,1.97,0.0,0.215,质检部,联伟
500109-00677-01-02-A,F3-56-后梁01,500109-00677-01-02-YL,1199.2,F3-56-后梁01,F3-56,1,2.185,1.97,0.0,0.215,质检部,联伟
500109-00677-01-03,F3-56-左右边梁01,500109-00677-01-03-YL,1313.6,F3-56-左右边梁01,F3-56,1,9.24,6.38,1.985,0.875,质检部,联伟
500109-00677-01-03-A,F3-56-左右边梁01,500109-00677-01-03-YL,1313.6,F3-56-左右边梁01,F3-56,1,9.24,6.38,1.985,0.875,质检部,联伟
500109-00677-01-04,F3-56-左右边梁02,500109-00677-01-04-YL,1313.6,F3-56-左右边梁02,F3-56,1,7.43,5.95,0.735,0.745,质检部,联伟
500109-00677-01-07,F3-56-后侧边梁01,500109-00677-01-07/08-YL-GY,73.6,F3-56-后侧边梁01/02,F3-56,1,0.0,0.0,0.0,0.0,质检部,联伟
500109-00677-01-08,F3-56-后侧边梁02,500109-00677-01-07/08-YL-GY,73.6,F3-56-后侧边梁01/02,F3-56,1,0.0,0.0,0.0,0.0,质检部,联伟
500109-00677-01-09,F3-56-中部横梁,500109-00677-01-09-YL,1242.5,F3-56-中部横梁,F3-56,1,3.14,3.085,0.0,0.055,质检部,联伟
500109-00677-01-09-A,F3-56-中部横梁A,500109-00677-01-09-YL,1242.5,F3-56-中部横梁,F3-56,1,0.0,0.0,0.0,0.0,质检部,联伟
500109-00677-01-10,F3-56-膨胀梁01,500109-00677-01-10-YL,1278.8,F3-56-膨胀梁01,F3-56,1,5.575,4.955,0.0,0.62,质检部,联伟
500109-00677-05-06-001-A,F3-56-底座本体,500109-00677-05-06-001-A-YL,34.5,F3-56-底座本体,F3-56,1,0.0,0.0,0.0,0.0,质检部,联伟
500109-00677-05-12-001-A,F3-56-底座本体02,500109-00677-05-12-001-A-YL,30.5,F3-56-底座本体02,F3-56,1,0.0,0.0,0.0,0.0,质检部,联伟
500109-00999-01-01,F3-56-(RD版)-前梁01,500109-00677-01-01-YL,1252.5,F3-56-前梁01,F3-56,1,0.0,0.0,0.0,0.0,质检部,联伟
500109-00999-01-02,F3-56-(RD版)-后梁01,500109-00677-01-02-YL,1199.2,F3-56-后梁01,F3-56,1,0.0,0.0,0.0,0.0,质检部,联伟
500109-00999-01-03,F3-56-(RD版)-左右边梁01,500109-00677-01-03-YL,1313.6,F3-56-左右边梁01,F3-56,1,0.0,0.0,0.0,0.0,质检部,联伟
500109-00999-01-04,F3-56-(RD版)-左右边梁02,500109-00677-01-04-YL,1313.6,F3-56-左右边梁02,F3-56,1,0.0,0.0,0.0,0.0,质检部,联伟
5306020-RR01,F3-CCB,5306020-RR01-YL,1700,F3-CCB材料,F3-CCB,1,4.8,4.7,0.0,0.1,仓储部,博奥镁铝
500110-00848-01-01,F618-前梁01,500110-00848-01-01-YL,1277.4,F618-前梁01,F618,1,7.525,6.595,0.0,0.93,质检部,祥鑫
500110-00848-01-02,F618-后梁01,500110-00848-01-02-YL,1277.4,F618-后梁01,F618,1,2.07,1.81,0.0,0.26,质检部,祥鑫
500110-00848-01-03,F618-两侧梁01,500110-00848-01-03-YL,1331.2,F618-两侧梁01,F618,1,4.02,3.605,0.19,0.225,质检部,祥鑫
500110-00848-01-04,F618-两侧梁02,500110-00848-01-04-YL,1467.5,F618-两侧梁02,F618,1,5.65,4.52,0.66,0.47,质检部,祥鑫
500110-00848-01-05,F618-中部横梁,500110-00848-01-05-YL,1226.8,F618-中部横梁,F618,1,3.285,3.21,0.0,0.075,质检部,祥鑫
500110-00848-01-07,F618-膨胀横梁2,500110-00848-01-07-YL,1226.8,F618-膨胀横梁2,F618,1,4.505,4.3,0.0,0.205,质检部,祥鑫
500110-00848-01-15,F618-支撑梁01,500110-00848-01-15-YL,200,F618-支撑梁01,F618,1,0.0,0.0,0.0,0.0,质检部,祥鑫
500110-00848-01-16,F618-支撑梁02,500110-00848-01-16-YL,200,F618-支撑梁02,F618,1,0.0,0.0,0.0,0.0,质检部,祥鑫
500110-00848-01-17,F618-支撑梁03,500110-00848-01-17-YL,192.5,F618-支撑梁03,F618,1,0.0,0.0,0.0,0.0,质检部,祥鑫
500110-00848-01-19,F618-支撑梁05,500110-00848-01-19-YL,200,F618-支撑梁05,F618,1,0.0,0.0,0.0,0.0,质检部,祥鑫
500110-00848-01-20,F618-支撑梁09,500110-00848-01-20-YL,200,F618-支撑梁09,F618,1,0.0,0.0,0.0,0.0,质检部,祥鑫
500110-00848-01-21,F618-支撑梁04,500110-00848-01-21-YL,200,F618-支撑梁04,F618,1,0.0,0.0,0.0,0.0,质检部,祥鑫
500110-00848-01-22,F618-支撑梁06,500110-00848-01-22-YL,200,F618-支撑梁06,F618,1,0.0,0.0,0.0,0.0,质检部,祥鑫
500110-00848-01-23,F618-支撑梁07,500110-00848-01-23-YL,200,F618-支撑梁07,F618,1,0.0,0.0,0.0,0.0,质检部,祥鑫
500110-00848-01-24,F618-支撑梁08,500110-00848-01-24-YL,27,F618-支撑梁08,F618,1,0.0,0.0,0.0,0.0,质检部,祥鑫
500110-00848-04-02,F618-支架01,500110-00848-04-02-YL,107.3,F618-支架01,F618,1,0.0,0.0,0.0,0.0,质检部,祥鑫
500110-00848-04-35,F618-外部客户支架,500110-00848-04-35-YL,455,F618-外部客户支架,F618,1,0.0,0.0,0.0,0.0,质检部,祥鑫
500110-00848-04-52-01,F618-支架09,500110-00848-04-52-01-YL,25,F618-支架09,F618,1,0.0,0.0,0.0,0.0,质检部,祥鑫
500110-00848-04-54,F618-挂载01,500110-00848-04-54-YL,56,F618-挂载01,F618,1,0.0,0.0,0.0,0.0,质检部,祥鑫
500110-00848-04-60-01,F618-客户外部支架,500110-00848-04-60-01-YL,25,F618-客户外部支架,F618,1,0.0,0.0,0.0,0.0,质检部,祥鑫
500110-00026-01-02-B,GE1-前梁,500110-00026-01-02-B-YL,667.91*125*38,GE1-前梁,GE1,1,1.67,1.15,0.0,0.52,机加部,联伟
500110-00026-01-05-A,GE1-前梁03,500110-00026-01-05-A-YL,1142.24*97.5*56,GE1-前梁03,GE1,1,2.454,2.32,0.0,0.134,机加部,联伟
500110-00026-01-06-A,GE1-横梁,500110-00026-01-06-A-YL,1150.15*117.5*20,GE1-横梁,GE1,1,2.03,1.85,0.1,0.08,机加部,联伟
300000008379,HP32底护板01,300000008379-YL,1260*359*10,HP32底护板01,HP32,1,0.0,6.629,0.0,0.0,机加部,联伟
300000008382,HP32底护板03,300000008382-YL,1260*146*10,HP32底护板03,HP32,1,0.0,2.733,0.0,0.0,机加部,联伟
300000011189,HP32底护板04,300000011189-YL,1260*310.3*10,HP32底护板04,HP32,1,0.0,5.738,0.0,0.0,机加部,联伟
300000011190,HP32底护板05,300000011190-YL,1260*101.3*10,HP32底护板05,HP32,1,0.0,1.91,0.0,0.0,机加部,联伟
300000013465,HP38-13-侧面支架1,300000013465-YL,28,HP38-13-侧面支架1,HP38-13,1,0.0,0.0,0.0,0.0,质检部,和胜
300000013466,HP38-13-侧面支架2,300000013466-YL,58,HP38-13-侧面支架2,HP38-13,1,0.0,0.0,0.0,0.0,质检部,和胜
300000014527,HP38-13-侧面支架3,300000014527-YL,32,HP38-13-侧面支架3,HP38-13,1,0.0,0.0,0.0,0.0,质检部,和胜
300000015643,HP71-加强梁01,300000015643/44-YL-GY,165.92*20*20,HP71-加强梁01/02,HP71,1,0.0,0.0,0.0,0.0,质检部,和胜
300000015644,HP71-加强梁02,300000015643/44-YL-GY,165.92*20*20,HP71-加强梁01/02,HP71,1,0.0,0.0,0.0,0.0,质检部,和胜
300000016759,HP80-后膨胀梁,300000016759-YL,966,HP80-后膨胀梁,HP80,1,2.495,2.455,0.0,0.04,质检部,和胜
300000016761,HP80-前梁,300000016761-YL,1021.5,HP80-前梁,HP80,1,5.36,5.085,0.0,0.275,质检部,和胜
500109-00561-01-01-01,J90A右边框,500109-00561-01-01-02-YL-GY,1830,J90A左右边框,J90A,1,6.6,5.05,1.1,0.45,机加部,祥鑫
500109-00561-01-01-02,J90A左边框,500109-00561-01-01-02-YL-GY,1830,J90A左右边框,J90A,1,6.6,5.05,1.1,0.45,机加部,祥鑫
43071-56C00-000,JL5500YS电池托架,43071-56C00-000-YL,43071-56C00-000-YL,JL5500YS电池托架,JL5500YS,1,0.0,0.0,0.0,0.0,机加部,嘉龙
43081-56C00-000,JL5500YS电池上支架,43081-56C00-000-YL,43081-56C00-000-YL,JL5500YS电池上支架,JL5500YS,1,0.0,0.0,0.0,0.0,机加部,嘉龙
43691-56C00-000,JL5500YS导链器支架00,43691-56C00-000-YL,43691-56C00-000-YL,JL5500YS导链器支架,JL5500YS,1,0.0,0.0,0.0,0.0,机加部,嘉龙
500111-00080-02-01,M2模组前梁,500111-00080-02-01-YL-GY,1114.5,M2模组前梁,M2模组,1,1.156,1.266,0.0,0.25,机加部,联伟
500111-00080-02-02,M2模组后梁,500111-00080-02-02-YL-GY,1120.8,M2模组后梁,M2模组,1,0.968,0.856,0.0,0.112,机加部,联伟
500109-00396-01-01-01-A,MS11两侧梁-1,500109-00396-01-01-01-A-YL,2061.5,MS11两侧梁-1,MS11,1,10.226,9.714,0.0,0.512,质检部,锦佳盛
500109-00396-01-01-02-A,MS11两侧梁-2,500109-00396-01-01-02-A-YL,2061.5,MS11两侧梁-2,MS11,1,10.226,9.816,0.0,0.41,质检部,锦佳盛
500109-00396-01-02-A,MS11前梁,500109-00396-01-02-A-YL,1399,MS11前梁,MS11,1,10.292,7.62,0.984,1.688,质检部,锦佳盛
500109-00396-01-03-A,MS11后梁,500109-00396-01-03-A-YL,1363.4,MS11后梁,MS11,1,6.04,4.518,0.472,1.05,质检部,锦佳盛
500109-00396-01-07,MS11-5加强块01,500109-00396-01-07-YL,500109-00396-01-07-YL,MS11-5加强块01,MS11,1,0.147,0.14,0.0,0.007,外协,锦佳盛
500109-00396-01-08,MS11-5加强块02,500109-00396-01-08-YL,500109-00396-01-08-YL,MS11-5加强块02,MS11,2,0.113,0.11,0.0,0.003,外协,锦佳盛
500109-00396-01-11-A,MS11膨胀梁,500109-00396-01-11-A-YL,1399,MS11膨胀梁,MS11,1,3.534,3.318,0.0,0.216,质检部,锦佳盛
500109-00396-01-15-01,MS11-5加强块03-1,500109-00396-01-15-01-YL,500109-00396-01-15-01-YL,MS11-5加强块03-1,MS11,1,0.132,0.119,0.0,0.013,外协,锦佳盛
500109-00396-01-15-02,MS11-5加强块03-2,500109-00396-01-15-02-YL,500109-00396-01-15-02-YL,MS11-5加强块03-2,MS11,1,0.132,0.119,0.0,0.013,外协,锦佳盛
P0R-1701-001-01,P0R中部横梁,P0R-1701-001-01-YL,1382,P0R中部横梁,P0R,1,0.0,0.0,0.0,0.0,机加部,誉寰
P0R-1701-001-02,P0R左边梁,P0R-1701-001-03-YL-GY,2023.7,P0R左右边梁,P0R,1,0.0,0.0,0.0,0.0,机加部,誉寰
P0R-1701-001-03,P0R右边梁,P0R-1701-001-03-YL-GY,2023.7,P0R左右边梁,P0R,1,0.0,0.0,0.0,0.0,机加部,誉寰
P0R-1701-001-04,P0R支撑板1,P0R-1701-001-04-YL,1430,P0R支撑板1,P0R,1,0.0,0.0,0.0,0.0,机加部,誉寰
P0R-1701-001-05,P0R支撑板2,P0R-1701-001-05-YL,1430,P0R支撑板2,P0R,1,0.0,0.0,0.0,0.0,机加部,誉寰
500109-00293-10-01-11-L,PMA1两侧梁-左,500109-00276-10-01-11-L-YL-GY,1738.72*132*107.9,SEA1两侧梁,PMA1,1,10.65,9.8,0.242,0.608,机加部,联伟
500109-00293-10-01-11-R,PMA1两侧梁-右,500109-00276-10-01-11-L-YL-GY,1738.72*132*107.9,SEA1两侧梁,PMA1,1,10.65,9.8,0.242,0.608,机加部,联伟
500109-00293-10-02,PMA1后梁01(平伟命名前梁)（293）,500109-00276-10-02-YL-GY,912*132*45.9,PMA1后梁01,PMA1,1,2.29,1.82,0.0,0.47,机加部,联伟
500109-00293-10-03,PMA1前梁,500109-00276-10-03-YL-GY,1440*219.5*132,SEA1前梁,PMA1,1,13.1,8.03,2.708,2.362,机加部,联伟
500109-00293-10-07,PMA1后补强梁,500109-00276-10-07-YL-GY,1338.2*84.3*26.5,PMA1后补强梁,PMA1,1,3.15,3.05,0.0,0.1,机加部,联伟
500109-00562-10-01-11-01,PMA1两侧梁-左（国际）,500109-00562-10-01-11-01-YL-GY,1738.7,PMA1两侧梁左右（国际）,PMA1,1,10.65,9.8,0.0,0.608,质检部,联伟
500109-00562-10-01-11-02,PMA1两侧梁-右（国际）,500109-00562-10-01-11-01-YL-GY,1738.7,PMA1两侧梁左右（国际）,PMA1,1,10.65,9.8,0.242,0.608,质检部,联伟
500109-00562-10-03,PMA1前梁（国际）,500109-00276-10-03-YL-GY,1440*219.5*132,SEA1前梁,PMA1,1,13.1,8.03,2.708,2.362,质检部,联伟
500604-00378-CNC,PMA1底护板-CNC（海外版）,500604-00337-CNC-YL,1455,SEA1底护板-CNC,PMA1,1,37.85,36.5,0.85,0.5,质检部,联伟
2.A.02.6184-OSP00,PP-0168-右边梁,2.A.02.6184-OSP00-YL,1470.5,PP-0168-右边梁,PP-0168,1,9.78,5.41,2.895,1.475,质检部,长盈精密
2.A.02.6186-OSP00,PP-0168-左边梁,2.A.02.6186-OSP00-YL,1470.5,PP-0168-左边梁,PP-0168,1,10.18,6.81,1.74,1.63,质检部,长盈精密
2.A.02.6188-OSP00,PP-0168-后边梁,2.A.02.6188-OSP00-YL,739.5,PP-0168-后边梁,PP-0168,1,1.9,1.13,0.0,0.77,质检部,长盈精密
2.A.02.6190-OSP00,PP-0168-横梁1,2.A.02.6190-OSP00-YL,660.1,PP-0168-横梁1,PP-0168,1,1.22,1.09,0.0,0.13,质检部,长盈精密
2.A.02.6192-OSP00,PP-0168-横梁2,2.A.02.6192-OSP00-YL,714.2,PP-0168-横梁2,PP-0168,1,1.025,0.95,0.0,0.075,质检部,长盈精密
2.A.02.6194-OSP00,PP-0168-纵梁,2.A.02.6194-OSP00-YL,499.5,PP-0168-纵梁,PP-0168,1,0.998,0.638,0.0,0.36,质检部,长盈精密
2.A.02.6196-OSP00,PP-0168-安装梁1,2.A.02.6196-OSP00-YL,284,PP-0168-安装梁1,PP-0168,1,0.197,0.19,0.0,0.007,质检部,长盈精密
2.A.02.6198-OSP00,PP-0168-安装梁2,2.A.02.6198-OSP00-YL,180.5,PP-0168-安装梁2,PP-0168,1,0.123,0.116,0.0,0.007,质检部,长盈精密
2.A.02.6200-OSP00,PP-0168-前边梁,2.A.02.6200-OSP00-YL,502.8,PP-0168-前边梁,PP-0168,1,1.028,0.687,0.0,0.341,质检部,长盈精密
2.A.02.6212-OSP00,PP-0168-BDU安装块,2.A.02.6212-OSP00-YL,19.6,PP-0168-BDU安装块,PP-0168,1,0.0,0.0,0.0,0.0,质检部,长盈精密
14038060-00-01,PP7后梁,14038060-00-01-YL,795,PP7后梁,PP7,1,0.0,0.0,0.0,0.0,机加部,祥鑫
14038060-00-02,PP7后右斜梁,14038060-00-02-YL,14038060-00-02-YL,PP7后右斜梁,PP7,1,0.0,0.0,0.0,0.0,外协,祥鑫
14038060-00-03,PP7后左斜梁,14038060-00-03-YL,14038060-00-03-YL,PP7后左斜梁,PP7,1,0.0,0.0,0.0,0.0,外协,祥鑫
14038060-00-05,PP7后加强梁1,14038060-00-05-YL,14038060-00-05-YL,PP7后加强梁1,PP7,2,0.0,0.0,0.0,0.0,外协,祥鑫
14038060-00-16,PP7前加强梁1,14038060-00-16-YL,14038060-00-16-YL,PP7前加强梁1,PP7,1,0.0,0.0,0.0,0.0,外协,祥鑫
14038060-00-17,PP7前加强梁2,14038060-00-17-YL,14038060-00-17-YL,PP7前加强梁2,PP7,1,0.0,0.0,0.0,0.0,外协,祥鑫
14038060-00-18,PP7前加强梁3,14038060-00-18-YL,14038060-00-18-YL,PP7前加强梁3,PP7,1,0.0,0.0,0.0,0.0,外协,祥鑫
14038060-00-19,PP7前加强梁4,14038060-00-19-YL,14038060-00-19-YL,PP7前加强梁4,PP7,1,0.0,0.0,0.0,0.0,外协,祥鑫
14038060-00-20,PP7搭铁块1,14038060-00-20-YL,14038060-00-20-YL,PP7搭铁块1,PP7,2,0.0,0.0,0.0,0.0,外协,祥鑫
RDME91-00516-01-002,RDME91-后梁新增02,RDME91-00516-01-002-YL,RDME91-00516-01-003,RDME91-后梁新增02,RDME91,1,0.0,0.0,0.0,0.0,外协,元新隆
RDME91-00520-01-003,RDME91-安装梁002,RDME91-00520-01-003-YL,RDME91-00520-01-003-YL,RDME91-安装梁002,RDME91,1,0.0,0.0,0.0,0.0,外协,元新隆
SD01-61KWH-B-XC-001,SD01前边框,SD01-61KWH-B-XC-001-YL,1318.88,SD01前边框,SD01-61,1,3.275,2.86,0.0,0.415,质检部,祥鑫
SD01-61KWH-B-XC-002,SD01左边框,SD01-61KWH-B-XC-002/3-YL-GY,1468.8,SD01左右边框,SD01-61,1,6.58,6.106,0.23,0.244,质检部,祥鑫
SD01-61KWH-B-XC-003,SD01右边框,SD01-61KWH-B-XC-002/3-YL-GY,1468.8,SD01左右边框,SD01-61,1,6.59,6.106,0.23,0.254,质检部,祥鑫
SD01-61KWH-B-XC-004,SD01后边框,SD01-61KWH-B-XC-004-YL,955.69,SD01后边框,SD01-61,1,2.48,1.562,0.0,0.918,质检部,祥鑫
SD01-61KWH-B-XC-005,SD01左后斜边框,SD01-61KWH-B-XC-005-YL,185.32,SD01左后斜边框,SD01-61,1,0.502,0.434,0.0,0.068,质检部,祥鑫
SD01-61KWH-B-XC-006,SD01右后斜边梁,SD01-61KWH-B-XC-006-YL,185.32,SD01右后斜边梁,SD01-61,1,0.502,0.434,0.0,0.068,质检部,祥鑫
SD01-61KWH-B-XC-007,SD01纵横梁,SD01-61KWH-B-XC-007-YL,1153.1,SD01纵横梁,SD01-61,1,0.996,0.978,0.0,0.018,质检部,祥鑫
SD01-61KWH-B-XC-008,SD01前横梁,SD01-61KWH-B-XC-008-YL,1271,SD01前横梁,SD01-61,1,1.69,1.62,0.04,0.03,质检部,祥鑫
SD01-61KWH-B-XC-009,SD01中横梁,SD01-61KWH-B-XC-009-YL,1261,SD01中横梁,SD01-61,1,2.61,2.214,0.2,0.196,质检部,祥鑫
SD01-61KWH-B-XC-010,SD01后横梁,SD01-61KWH-B-XC-010-YL,1271,SD01后横梁,SD01-61,1,1.545,1.435,0.035,0.075,质检部,祥鑫
SD01-61KWH-B-XC-011,SD01前加强梁,SD01-61KWH-B-XC-011-YL,79.1,SD01前加强梁,SD01-61,1,0.078,0.074,0.0,0.004,质检部,祥鑫
SD01-61KWH-B-XC-012,SD01前端检修口加强梁01,SD01-61KWH-B-XC-012-YL,79.1,SD01前端检修口加强梁01,SD01-61,1,0.041,0.037,0.0,0.004,质检部,祥鑫
SD01-61KWH-B-XC-013,SD01前端检修口加强梁02,SD01-61KWH-B-XC-013-YL,79.1,SD01前端检修口加强梁02,SD01-61,1,0.041,0.037,0.0,0.004,质检部,祥鑫
SD01-61KWH-B-XC-014,SD01后端加强纵梁01,SD01-61KWH-B-XC-014-YL,170.4,SD01后端加强纵梁01,SD01-61,1,0.086,0.084,0.0,0.002,质检部,祥鑫
SD01-61KWH-B-XC-015,SD01后端加强纵梁02,SD01-61KWH-B-XC-015-YL,170.4,SD01后端加强纵梁02,SD01-61,1,0.086,0.083,0.0,0.003,质检部,祥鑫
SD01-61KWH-B-XC-016,SD01后端加强纵梁03,SD01-61KWH-B-XC-016-YL,170.4,SD01后端加强纵梁03,SD01-61,1,0.086,0.083,0.0,0.003,质检部,祥鑫
SD01-61KWH-B-XC-017,SD01后端加强纵梁04,SD01-61KWH-B-XC-017-YL,170.4,SD01后端加强纵梁04,SD01-61,1,0.086,0.083,0.0,0.003,质检部,祥鑫
SD01-61KWH-B-XC-018,SD01后端加强横梁1,SD01-61KWH-B-XC-018-YL,267.2,SD01后端加强横梁1,SD01-61,1,0.385,0.318,0.0,0.067,质检部,祥鑫
SD01-61KWH-B-XC-019,SD01后端加强横梁2,SD01-61KWH-B-XC-019-YL,287.6,SD01后端加强横梁2,SD01-61,1,0.414,0.348,0.0,0.066,质检部,祥鑫
SD01-61KWH-B-XC-020,SD01前端吊挂,SD01-61KWH-B-XC-020-YL,50,SD01前端吊挂,SD01-61,1,0.146,0.135,0.0,0.011,质检部,祥鑫
SD01-61KWH-B-XC-021,SD01后端挂载,SD01-61KWH-B-XC-021-YL,88,SD01后端挂载,SD01-61,1,0.433,0.341,0.0,0.092,质检部,祥鑫
SD01-61KWH-B-XC-022,SD01前护板支架,SD01-61KWH-B-XC-022-YL,9.51,SD01前护板支架,SD01-61,1,0.02,0.014,0.0,0.006,质检部,祥鑫
SD01-61KWH-B-XC-023,SD01接地点支架,SD01-61KWH-B-XC-023-YL,11,SD01接地点支架,SD01-61,1,0.012,0.011,0.0,0.001,质检部,祥鑫
SD01-XC-24,SD01封堵片,SD01-XC-24-YL,27,SD01封堵片,SD01-61,1,0.008,0.006,0.0,0.002,质检部,祥鑫
SD01-XC-001,SD01-69后面板,SD01-XC-001-YL,1001.59,SD01-69后面板,SD01-69,1,0.0,0.0,0.0,0.0,质检部,祥鑫
SD01-XC-002,SD01-69右边框,SD01-XC-002-YL,185.54,SD01-69右边框,SD01-69,1,0.0,0.0,0.0,0.0,质检部,祥鑫
SD01-XC-003,SD01-69左边框,SD01-XC-003-YL,186,SD01-69左边框,SD01-69,1,0.0,0.0,0.0,0.0,质检部,祥鑫
SD01-XC-004,SD01-69后横梁1,SD01-XC-004-YL,1270,SD01-69后横梁1,SD01-69,1,0.0,0.0,0.0,0.0,质检部,祥鑫
SD01-XC-005,SD01-69后端吊挂,SD01-XC-005-YL,98,SD01-69后端吊挂,SD01-69,1,0.0,0.0,0.0,0.0,质检部,祥鑫
SD01-XC-006,SD01-69护板支架2,SD01-XC-006-YL,11,SD01-69护板支架2,SD01-69,1,0.0,0.0,0.0,0.0,质检部,祥鑫
SD01-XC-007,SD01-69右斜边框,SD01-XC-007-YL,198.5,SD01-69右斜边框,SD01-69,1,0.0,0.0,0.0,0.0,质检部,祥鑫
SD01-XC-008,SD01-69左斜边框,SD01-XC-008-YL,198.5,SD01-69左斜边框,SD01-69,1,0.0,0.0,0.0,0.0,质检部,祥鑫
SD01-XC-009,SD01-69前框梁,SD01-XC-009-YL,1317.58,SD01-69前框梁,SD01-69,1,0.0,0.0,0.0,0.0,质检部,祥鑫
SD01-XC-012,SD01-69纵梁,SD01-XC-012-YL,1302.7,SD01-69纵梁,SD01-69,1,0.0,0.0,0.0,0.0,质检部,祥鑫
SD01-XC-013,SD01-69后端加强纵梁01,SD01-XC-013/14/15/16-YL-GY,169.2,SD01-69后端加强纵梁01,SD01-69,1,0.0,0.0,0.0,0.0,质检部,祥鑫
SD01-XC-014,SD01-69后端加强纵梁02,SD01-XC-013/14/15/16-YL-GY,169.2,SD01-69后端加强纵梁01,SD01-69,1,0.0,0.0,0.0,0.0,质检部,祥鑫
SD01-XC-015,SD01-69后端加强纵梁03,SD01-XC-013/14/15/16-YL-GY,169.2,SD01-69后端加强纵梁01,SD01-69,1,0.0,0.0,0.0,0.0,质检部,祥鑫
SD01-XC-016,SD01-69后加强纵梁04,SD01-XC-013/14/15/16-YL-GY,169.2,SD01-69后端加强纵梁01,SD01-69,1,0.0,0.0,0.0,0.0,质检部,祥鑫
SD01-XC-017,SD01-69前端检修口加强梁,SD01-XC-017-YL,75.1,SD01-69前端检修口加强梁,SD01-69,1,0.0,0.0,0.0,0.0,质检部,祥鑫
SD01-XC-018,SD01-69前端检修口加强梁1,SD01-XC-018-YL,75.1,SD01-69前端检修口加强梁1,SD01-69,1,0.0,0.0,0.0,0.0,质检部,祥鑫
SD01-XC-019,SD01-69前横梁,SD01-XC-019-YL,1270,SD01-69前横梁,SD01-69,1,0.0,0.0,0.0,0.0,质检部,祥鑫
SD01-XC-020,SD01-69中横梁,SD01-XC-020-YL,1259.6,SD01-69中横梁,SD01-69,1,0.0,0.0,0.0,0.0,质检部,祥鑫
SD01-XC-021,SD01-69后端加强横梁1,SD01-XC-021-YL,267.6,SD01-69后端加强梁1,SD01-69,1,0.0,0.0,0.0,0.0,质检部,祥鑫
SD01-XC-022,SD01-69后端加强梁2,SD01-XC-022-YL,288,SD01-69后端加强梁2,SD01-69,1,0.0,0.0,0.0,0.0,质检部,祥鑫
SD01-XC-023,SD01-69前端吊挂,SD01-XC-023-YL,50,SD01-69前端吊挂,SD01-69,1,0.0,0.0,0.0,0.0,质检部,祥鑫
SD01-XC-024,SD01-69后面板-封堵片,SD01-XC-024-YL,27,SD01-69后面板-封堵片,SD01-69,1,0.0,0.0,0.0,0.0,质检部,祥鑫
SD01-XC-025,SD01-69接地点支架,SD01-XC-025-YL,11,SD01-69接地点支架,SD01-69,1,0.0,0.0,0.0,0.0,质检部,祥鑫
SD01-XC-026,SD01-69前端加强梁,SD01-XC-026-YL,75.1,SD01-69前端加强梁,SD01-69,1,0.0,0.0,0.0,0.0,质检部,祥鑫
SD01-XC-027,SD01-69左安装梁1,SD01-XC-027/28-YL-GY,1502.5,SD01-69左安装梁1,SD01-69,1,0.0,0.0,0.0,0.0,质检部,祥鑫
SD01-XC-028,SD01-69右安装梁1,SD01-XC-027/28-YL-GY,1502.5,SD01-69左安装梁1,SD01-69,1,0.0,0.0,0.0,0.0,质检部,祥鑫
500109-00276/293-10-05,SEA1横梁(公用),500109-00276/293-10-05-YL,1338.2*84.3*28,SEA1横梁(公用),SEA1/EF1E,1,3.85,3.75,0.0,0.1,机加部,联伟
500109-00276-10-01-11-L,SEA1两侧梁-左,500109-00276-10-01-11-L-YL-GY,1738.72*132*107.9,SEA1两侧梁,SEA1/EF1E,1,10.23,9.8,0.23,0.2,机加部,联伟
500109-00276-10-01-11-R,SEA1两侧梁-右,500109-00276-10-01-11-L-YL-GY,1738.72*132*107.9,SEA1两侧梁,SEA1/EF1E,1,10.23,9.8,0.23,0.2,机加部,联伟
500109-00364-10-02,SEA1后梁01,500109-00276-10-02-YL-GY,912*132*45.9,PMA1后梁01,SEA1/EF1E,1,2.29,1.89,0.0,0.4,外协,联伟
500109-00364-10-07,SEA1前补强梁,500109-00276-10-07-YL-GY,1338.2*84.3*26.5,PMA1后补强梁,SEA1/EF1E,1,3.15,3.05,0.0,0.1,质检部,联伟
500109-00406-10-03,SEA1前梁,500109-00276-10-03-YL-GY,1440*219.5*132,SEA1前梁,SEA1/EF1E,1,13.0,8.43,2.7,1.87,质检部,联伟
500109-00406-10-07,SEA1前补强梁,500109-00276-10-07-YL-GY,1338.2*84.3*26.5,PMA1后补强梁,SEA1/EF1E,1,3.15,3.05,0.0,0.1,质检部,联伟
500109-00584-10-01-11-01,SEA1两侧梁-左(584),500109-00276-10-01-11-L-YL-GY,1738.72*132*107.9,SEA1两侧梁,SEA1/EF1E,1,10.23,9.8,0.23,0.2,质检部,联伟
500109-00584-10-01-11-02,SEA1两侧梁-右(584),500109-00276-10-01-11-L-YL-GY,1738.72*132*107.9,SEA1两侧梁,SEA1/EF1E,1,10.23,9.8,0.23,0.2,质检部,联伟
500604-00169-002,SEA1底护板-01(宽),500604-00169-002-YL,1455*358*9.5,SEA1底护板-01(宽）,SEA1/EF1E,5,7.7,7.65,0.0,0.05,机加部,联伟
500604-00169-007,SEA1底护板-06(窄),500604-00169-007-YL,1455*229*9.5,SEA1底护板-06（窄）,SEA1/EF1E,1,4.75,4.7,0.0,0.05,机加部,联伟
500604-00337-CNC,SEA1底护板-CNC,500604-00337-CNC-YL,1455,SEA1底护板-CNC,SEA1/EF1E,1,37.85,36.5,0.85,0.5,质检部,联伟
500604-00409-CNC,SEA1底护板-CNC（409）,500604-00337-CNC-YL,1455,SEA1底护板-CNC,SEA1/EF1E,1,37.85,36.5,0.85,0.5,质检部,联伟
VL1-1703A4-001-01-C,VL1前横梁,VL1-1703A4-001-01-YL,1115,VL1前横梁,VL1,1,2.791,2.473,0.0,0.318,质检部,联伟
VL1-1703A4-001-03-B,VL1后横梁,VL1-1703A4-001-03-YL,1115,VL1后横梁,VL1,1,2.791,2.382,0.0,0.409,质检部,联伟
VL1-1703A4-001-04-B,VL1右边梁,VL1-1703A4_001_04-YL-GY,1436.9,VL1左右边梁,VL1,1,8.52,8.1,0.0,0.42,质检部,联伟
VL1-1703A4-001-06-B,VL1左边梁,VL1-1703A4_001_04-YL-GY,1436.9,VL1左右边梁,VL1,1,8.52,8.1,0.0,0.42,质检部,联伟
VL1-1703A4-001-09,VL1套筒,VL1-1703A4-001-09-YL,28.6,VL1套筒,VL1,1,0.044,0.044,0.0,0.0,机加部,联伟
VL1-1703A4-001-30,VL1前纵梁,VL1-1703A4-001-32-YL,465.33,VL1后纵梁,VL1,1,0.378,0.357,0.0,0.021,机加部,联伟
VL1-1703A4-001-31,VL1中纵梁,VL1-1703A4-001-31-YL,471,VL1中纵梁,VL1,1,0.384,0.384,0.0,0.0,机加部,联伟
VL1-1703A4-001-32-A,VL1后纵梁,VL1-1703A4-001-30-YL,200.93,VL1前纵梁,VL1,1,0.38,0.379,0.0,0.001,质检部,联伟
VL1-18165066-0056,VL1底部加强梁2,VL1-18165066-0056-YL,VL1-18165066-0056,VL1底部加强梁2,VL1,1,0.638,0.629,0.0,0.009,质检部,联伟
16740688-00-04,VM3中横梁1,16740688-00-04/05-YL,990,VM3中横梁1/2,VM3,1,2.265,2.125,0.08,0.06,质检部,锦佳盛
16740688-00-05,VM3中横梁2,16740688-00-04/05-YL,990,VM3中横梁1/2,VM3,1,2.265,2.185,0.045,0.035,质检部,锦佳盛
16740688-00-06,VM3中横梁3,16740688-00-06-YL,990,VM3中横梁3,VM3,1,2.755,2.655,0.05,0.05,质检部,锦佳盛
16740688-00-15,VM3加强块6,16740688-00-15-YL,27.7,VM3加强块6,VM3,1,0.029,0.022,0.0,0.007,质检部,锦佳盛
16740688-00-27-A,VM3加强件2,16740688-00-28/29-A-YL-GY,1009,VM3加强件2/3,VM3,1,1.364,1.33,0.0,0.034,质检部,锦佳盛
16740688-00-28-A,VM3加强件3,16740688-00-28/29-A-YL-GY,1009,VM3加强件2/3,VM3,1,0.0,0.0,0.0,0.0,质检部,锦佳盛
16740688-00-29-A,VM3加强件1,16740688-00-27-A-YL,1009,VM3加强件1,VM3,1,0.0,0.0,0.0,0.0,质检部,锦佳盛
16740688-00-30,VM3加强件4,16740688-00-30-YL,174.2,VM3加强件4,VM3,1,0.249,0.243,0.0,0.006,质检部,锦佳盛
16740688-00-31,VM3加强件5,16740688-00-31-YL,248.2,VM3加强件5,VM3,1,0.352,0.346,0.0,0.006,质检部,锦佳盛
16740688-00-32,VM3加强件6,16740688-00-32-YL,251.2,VM3加强件6,VM3,1,0.348,0.342,0.0,0.006,质检部,锦佳盛
16740688-00-33,VM3加强件7,16740688-00-33-YL,71.4,VM3加强件7,VM3,1,0.105,0.078,0.0,0.027,质检部,锦佳盛
16740688-00-34,VM3加强件8,16740688-00-34-YL,71.4,VM3加强件8,VM3,1,0.105,0.078,0.0,0.027,质检部,锦佳盛
16740688-00-55,VM3加强块10,16740688-00-55-YL,64.4,VM3加强块10,VM3,1,0.064,0.058,0.0,0.006,质检部,锦佳盛
16740688-00-56,VM3加强块11,16740688-00-56-YL,60.4,VM3加强块11,VM3,1,0.06,0.054,0.0,0.006,质检部,锦佳盛
16740688-00-57,VM3加强块12,16740688-00-57-YL,124.9,VM3加强块12,VM3,1,0.121,0.112,0.0,0.009,质检部,锦佳盛
16740688-00-58,VM3加强块13,16740688-00-58-YL,21.5,VM3加强块13,VM3,1,0.023,0.017,0.0,0.006,质检部,锦佳盛
17492931-00-04,VP6中横梁1,17492931-00-04-YL,960.6,VP6中横梁1,VP6,1,2.696,2.582,0.046,0.068,质检部,锦佳盛
17492931-00-05,VP6中横梁2,17492931-00-05/06-YL-GY,960.6,VP6中横梁2/3,VP6,1,2.23,2.134,0.044,0.052,质检部,锦佳盛
17492931-00-06,VP6中横梁3,17492931-00-05/06-YL-GY,960.6,VP6中横梁2/3,VP6,1,2.23,2.086,0.074,0.07,质检部,锦佳盛
17492931-00-14,VP6加强块7,17492931-00-14-YL,162,VP6加强块7,VP6,1,0.301,0.274,0.0,0.027,质检部,锦佳盛
17492931-00-25,VP6加强件1,17492931-00-25-YL,978,VP6加强件1,VP6,1,0.0,0.0,0.0,0.0,质检部,锦佳盛
17492931-00-26,VP6加强件2,17492931-00-26-YL,978,VP6加强件2,VP6,1,1.306,1.288,0.0,0.018,质检部,锦佳盛
17492931-00-27,VP6加强件4,17492931-00-27-YL,174.15,VP6加强件4,VP6,1,0.248,0.239,0.0,0.009,质检部,锦佳盛
17492931-00-28,VP6加强件5,17492931-00-28-YL,248.17,VP6加强件5,VP6,1,0.353,0.343,0.0,0.01,质检部,锦佳盛
17492931-00-29,VP6加强件6,17492931-00-29-YL,251.17,VP6加强件6,VP6,1,0.357,0.348,0.0,0.009,质检部,锦佳盛
17492931-00-30,VP6加强件7,17492931-00-30-YL,150.03,VP6加强件7,VP6,1,0.105,0.094,0.0,0.011,质检部,锦佳盛
Z22506,横梁,Z22506-YL,Z22506-YL,横梁,Z22506,1,0.51,0.49,0.0,0.02,机加部,普翼
123456789,样件,,,,打样,1,0.0,0.0,0.0,0.0,质检部,祥鑫
BD0402000168,东泽-前防撞梁,BD0402000168-YL,1341.402,东泽-前防撞梁,东泽,1,5.2652,4.73,0.0,0.5352,质检部,东泽
5050000254,亮达-左门槛内板加强版,5050000254/255-YL-GY,46600171293,亮达-左右门槛内板加强版,极氪门槛,1,0.0,0.0,0.0,0.0,质检部,亮达
5050000255,亮达-右门槛内板加强版,5050000254/255-YL-GY,46600171293,亮达-左右门槛内板加强版,极氪门槛,1,0.0,0.0,0.0,0.0,质检部,亮达
6608267564,亮达-极氪右下门槛,6608267564/565-YL-GY,2056.7,亮达-极氪左右门槛,极氪门槛,1,19.38,18.41,0.0,0.97,质检部,亮达
6608267565,亮达-极氪左下门槛,6608267564/565-YL-GY,2056.7,亮达-极氪左右门槛,极氪门槛,1,19.38,18.41,0.0,0.97,质检部,亮达
421,面板421,400-YL-GY,421,面板421-YL,面板,1,2.39,1.915,0.0,0.475,质检部,嘉龙
445-A,面板445老状态,400-YL-GY,421,面板421-YL,面板,1,2.39,1.915,0.0,0.475,质检部,嘉龙
445-B,面板445新状态,400-YL-GY,421,面板421-YL,面板,1,2.39,1.9,0.0,0.49,质检部,嘉龙
446,面板446,400-YL-GY,421,面板421-YL,面板,1,2.39,1.915,0.0,0.475,质检部,嘉龙
C33-006,面板C33-006,400-YL-GY,421,面板421-YL,面板,1,2.39,1.915,0.0,0.475,质检部,嘉龙
500110-00800-01-01-01-A,问界-81-左边梁,500110-00800-01-01-01/02-A-YL-GY,1849,问界-81-左右边梁,问界-81,1,10.125,8.42,1.0,0.705,质检部,联伟
500110-00800-01-01-02-A,问界-81-右边梁,500110-00800-01-01-01/02-A-YL-GY,1849,问界-81-左右边梁,问界-81,1,10.125,8.42,1.0,0.705,质检部,联伟
500110-00800-01-07,问界-81-支撑支架01,500110-00800-01-07-YL,135,问界-81-支撑支架01,问界-81,1,0.0,0.0,0.0,0.0,质检部,联伟
500110-00800-01-08,问界-81-线束支架,500110-00800-01-08-YL,110,问界-81-线束支架,问界-81,1,0.0,0.0,0.0,0.0,质检部,联伟
500110-00800-01-24-A,问界-81-BMS固定支架6,500110-00800-01-24-A-YL,176,问界-81-BMS固定支架6,问界-81,1,0.0,0.0,0.0,0.0,质检部,联伟
500110-00800-01-25-A,问界-81-BMS固定支架7,500110-00800-01-25-A-YL,172.5,问界-81-BMS固定支架7,问界-81,1,0.0,0.0,0.0,0.0,质检部,联伟
500110-00800-01-29-A,问界-81-BMS固定支架29,500110-00800-01-29-A-YL,176.3,问界-81-BMS固定支架29,问界-81,1,0.0,0.0,0.0,0.0,质检部,联伟
500104-00518-01-010-01-C,小卡三代-左边框,500104-00518-01-010-01/02-C-YL,1459.5,小卡三代-左右边框,小卡三代,1,12.34,11.35,0.225,0.765,质检部,联伟
500104-00518-01-010-02-C,小卡三代-右边框,500104-00518-01-010-01/02-C-YL,1459.5,小卡三代-左右边框,小卡三代,1,12.34,11.3,0.225,0.815,质检部,联伟
500104-00518-01-03-C,小卡三代-前边框梁,500104-00518-01-03-C-YL,712,小卡三代-前边框梁,小卡三代,1,2.365,1.76,0.0,0.605,质检部,联伟
500104-00518-01-04-A,小卡三代-前膨胀梁,500104-00518-01-04-A-YL,658,小卡三代-前膨胀梁,小卡三代,1,4.04,3.765,0.0,0.275,质检部,联伟
500104-00518-01-05-B,小卡三代-后膨胀梁,500104-00518-01-05-B-YL,658,小卡三代-后膨胀梁,小卡三代,1,5.09,4.63,0.0,0.46,质检部,联伟
